id,domain,status,purchase_price,renewal_price,attractiveness,demand,length,registrar,created_at,expires_at,status_verified_at
a1fa8a08-c77a-4da1-9a70-094797f6b521,mathias.city,available,7,,high,low,7,unstoppable,,,28/09/2026 05:17
4ff7e3c5-3304-4480-99b5-0100e37fda26,fadeout.city,available,5.98,37.98,medium,low,7,namecheap,,,09/09/2026 11:18
947330a4-72bf-415b-8c30-074701026b78,dedicated.city,available,7.25,28.49,high,low,9,namesilo,,,23/09/2026 20:41
882be7af-9a02-4810-b535-50f9c4929814,postiche.city,available,5.98,37.98,medium,low,8,namecheap,,,17/08/2026 21:22
60b690e8-bdb8-4533-bf20-33667c97d6a1,bipedal.city,available,5.98,37.98,high,low,7,namecheap,,,10/08/2026 05:09
ef8b4887-de16-45ed-92b0-9c770025bc4c,fsb.city,premium,38.94,38.94,high,low,3,namesilo,,,30/09/2026 17:18
e61a933f-716f-447f-ae30-20dc495d2e0b,stability.city,available,5.38,22.97,high,low,9,spaceship,,,29/09/2026 11:16
1107a403-18ac-4982-a713-bc5f5d1b8f8c,autonomous.city,resell,,,high,medium,10,Unstoppable Domains Inc,28/02/2025 17:00,28/02/2027 17:00,26/09/2026 04:09
c0edf221-3753-46be-b6d5-e188ed4da424,unkind.city,available,5.98,37.98,medium,low,6,namecheap,,,12/09/2026 14:11
44d7f5a4-c084-46a1-98ca-8ab88c5b3061,ironical.city,available,5.98,37.98,medium,low,8,namecheap,,,22/08/2026 10:06
912fb1cc-43fc-4ec8-8371-ad566b07ae36,fontainebleau.city,available,7.25,28.49,medium,low,13,namesilo,,,30/09/2026 13:48
f89bdd47-3997-4ccb-b6f1-ca339cf801c3,candlenut.city,available,5.98,37.98,medium,low,9,namecheap,,,18/09/2026 05:37
27b63aa8-22b7-4ecd-bc1a-5345829b7db3,aniseed.city,available,5.98,37.98,high,low,7,namecheap,,,19/09/2026 09:27
322550ad-b606-414d-bb4f-300aef98f4e7,seed.city,resell,,,high,medium,4,"DNSPod, Inc.",18/04/2017 22:32,18/04/2027 22:32,29/09/2026 10:21
eeafd620-8688-470c-823f-4bc5d1fccd5e,balanchine.city,available,5.98,37.98,high,low,10,namecheap,,,21/09/2026 20:54
2416d024-2f09-4cf5-b097-dfcd2689d2a9,lackluster.city,available,5.98,37.98,medium,low,10,namecheap,,,22/08/2026 18:07
c59f4a36-5249-44e1-a928-b7575a1eec73,canonic.city,available,5.98,37.98,medium,low,7,namecheap,,,11/08/2026 17:22
1d9ef3ac-e774-4f38-abbf-248c56e1f195,perforate.city,available,5.98,37.98,high,low,9,namecheap,,,08/09/2026 16:54
6934491b-c137-426e-845a-a54cde64def8,sculptured.city,available,5.98,37.98,high,low,10,namecheap,,,20/08/2026 18:52
1354df25-26f3-4e6d-ac2a-0ce4090e430a,colourise.city,available,5.98,37.98,medium,low,9,namecheap,,,12/08/2026 17:38
b72888fe-cffe-4d2f-bb15-6a8ec645a5a8,polarity.city,available,7.25,28.49,high,low,8,namesilo,,,03/10/2026 01:39
24f12b3a-991d-46e8-8d56-b8edc45e9011,araxes.city,available,7.25,28.49,medium,low,6,namesilo,,,20/09/2026 00:19
7a701337-e44b-4044-8e39-70dd53011cdf,despicable.city,available,5.98,37.98,medium,low,10,namecheap,,,14/08/2026 04:00
f301eab9-b2dc-4fef-b5bd-10f0bbc92ff5,willowy.city,available,5.98,37.98,medium,low,7,namecheap,,,20/08/2026 17:31
86aa39f1-026a-458e-ace8-7902585f0b25,neglecting.city,available,5.38,22.97,low,low,10,spaceship,,,02/10/2026 21:56
24dcc716-430d-487e-ac66-740eb74f3deb,firearm.city,available,7.25,28.49,high,low,7,namesilo,,,29/09/2026 00:55
f0e92222-c35a-4ecd-8313-c485bd7eb38f,albino.city,available,5.98,37.98,high,low,6,namecheap,,,18/09/2026 02:58
f74fa904-ffae-4f53-b255-323a5a301284,quaint.city,available,5.98,37.98,high,low,6,namecheap,,,04/09/2026 01:55
6c4644af-9eca-4b5a-a516-908ecccf8c44,week.city,resell,,,high,low,4,"DNSPod, Inc.",21/05/2019 08:30,21/05/2027 08:30,29/09/2026 05:49
5361a826-ecf5-4248-aafa-1e4d8fdc4bf1,danceable.city,available,7.99,41.99,high,low,9,name.com,,,13/08/2026 16:59
d80ae0da-d23d-49dc-addf-27e93c7dd92f,birdie.city,available,7.25,28.49,high,low,6,namesilo,,,23/09/2026 20:41
fb01a910-3baf-49d4-b9c9-e2b46b72c2eb,deciders.city,available,7.25,28.49,medium,low,8,namesilo,,,20/09/2026 23:38
137b4bf7-dd56-46c6-8201-87780a0175c0,corinthian.city,available,5.98,37.98,high,low,10,namecheap,,,13/08/2026 01:16
e15c9661-ec2a-4a8f-aa28-7cd5d00090c5,skyline.city,resell,,,high,low,7,"DNSPod, Inc.",27/12/2024 15:15,27/12/2026 15:15,26/09/2026 09:04
ed23a2a0-2530-4b07-a245-493847a21f39,dimmed.city,available,5.98,37.98,medium,low,6,namecheap,,,14/08/2026 08:08
d0b5f295-0f6e-400b-9ae0-1d474c8d62d5,emerged.city,available,5.98,37.98,medium,low,7,namecheap,,,29/09/2026 16:31
d450b38a-7722-44c6-9f2d-f552044ac71c,veg.city,premium,11.19,22.36,high,low,3,porkbun,,,30/09/2026 14:22
35cc8a50-e17c-4e75-8d7d-c1845471ee07,racing.city,premium,36.3,36.3,high,low,6,dynadot,,,30/09/2026 09:07
5b696940-1abf-4926-9969-66a007c8c03e,footwear.city,available,5.98,37.98,high,low,8,namecheap,,,01/10/2026 03:31
fd5f74f6-96f7-4a0e-a8cb-ebff0dfa5737,carpathian.city,available,5.38,22.97,high,low,10,spaceship,,,30/09/2026 20:21
e99c66e2-8736-49d3-9b0e-61bb0efeed54,arm.city,premium,46.2,92.4,high,medium,3,namecheap,,,28/09/2026 22:04
bd8aa2eb-3f36-4f69-8711-2b81c5062f1f,bates.city,available,7.25,28.49,medium,low,5,namesilo,,,28/09/2026 12:13
d1a65601-df7a-445a-801e-28f8da468aaa,deborah.city,available,5.38,22.97,medium,low,7,spaceship,,,28/09/2026 12:59
8255fe49-29e9-472a-96d3-64c4fea6526d,baldachin.city,available,5.98,37.98,medium,low,9,namecheap,,,21/09/2026 21:30
cc69b52b-b24c-4b4b-9bbe-b659615cd813,irritated.city,available,5.98,37.98,medium,low,9,namecheap,,,
4ecbadb4-ae0e-4418-9517-556006ce4378,overlap.city,available,7.25,28.49,high,low,7,namesilo,,,30/09/2026 02:25
0026e826-60bd-4556-b2e7-063a620c52df,adults.city,available,7.25,28.49,medium,low,6,namesilo,,,27/09/2026 09:52
3709ec23-309c-4dd4-bea2-525a681e6d63,alnico.city,available,7.25,28.49,medium,low,6,namesilo,,,18/09/2026 12:50
b7076b4b-4d0a-4dcc-9379-8c85c23e6327,conveyor.city,available,7.25,28.49,high,low,8,namesilo,,,02/10/2026 04:26
17715277-7492-47eb-b461-8c85e098d57d,defensible.city,available,5.98,37.98,medium,low,10,namecheap,,,13/08/2026 23:11
3c7cee1b-b526-4303-8aa7-d800335a439b,packing.city,available,5.38,22.97,high,low,7,spaceship,,,29/09/2026 00:21
c0a0f148-70b2-46f4-b707-6ff7e347adae,oengus.city,available,7.25,28.49,medium,low,6,namesilo,,,17/09/2026 12:31
98c46c77-1282-4c58-9a72-d7415f8a74da,hamper.city,available,5.38,22.97,high,low,6,spaceship,,,02/10/2026 05:09
3acc2deb-1acd-4ffc-b743-e25b98740078,reconstructed.city,available,7.25,28.49,medium,low,13,namesilo,,,30/09/2026 22:29
ec0cff26-4cb5-4582-b78a-d3e6c34fa7f6,wounds.city,available,5.98,37.98,low,low,6,namecheap,,,25/09/2026 19:23
c5c86e6b-46bf-4579-9c83-559b1d97daf5,lavatory.city,available,5.98,37.98,high,low,8,namecheap,,,09/09/2026 02:14
6a24f1fa-c5fe-4ca4-b4d3-dc4da6139144,haryana.city,available,5.38,22.97,medium,low,7,spaceship,,,30/09/2026 12:51
65362d7a-a84b-46f7-a353-693679fb6d47,duodecimal.city,available,5.98,37.98,medium,low,10,namecheap,,,14/08/2026 21:19
7e243cd5-5d46-4e48-b29e-0babfc0349b5,blowhard.city,available,5.98,37.98,medium,low,8,namecheap,,,11/08/2026 01:19
59415235-82f3-4e37-ad5f-8be938c68f81,napoleon.city,available,7.25,28.49,medium,low,8,namesilo,,,28/09/2026 13:35
55ed13d3-0a38-4c8a-8b33-050ad666d190,capri.city,available,7.25,28.49,high,low,5,namesilo,,,30/09/2026 00:57
fa961fe5-2013-43bb-901f-eb0dcc33c9d4,mishap.city,available,5.38,22.97,high,low,6,spaceship,,,02/10/2026 16:07
36f45ac6-9b85-4c39-bea9-3d84d4624937,conform.city,available,4.5,23.76,high,low,7,dynadot,,,30/09/2026 17:47
3cc70753-e9cf-4ffd-8baa-a43899666208,nationalism.city,available,7.25,28.49,high,low,11,namesilo,,,01/10/2026 13:46
b58f02b2-6178-47d3-98a3-ff70b54a0c42,noun.city,available,5.98,37.98,high,low,4,namecheap,,,29/09/2026 19:50
613591a5-c283-409f-91ba-5916c57f20e9,curatorial.city,available,5.98,37.98,high,low,10,namecheap,,,13/08/2026 11:03
13ae7d41-5d62-40de-9cba-471b0c5d745a,cane.city,available,7.25,28.49,medium,low,4,namesilo,,,29/09/2026 06:33
d7c2ef9c-fdd4-4b64-85e9-48b08b8a6e75,sint.city,available,5.98,37.98,medium,low,4,namecheap,,,01/10/2026 16:45
22752623-4efc-4672-a933-fd8a52f26ac8,santana.city,available,7.25,28.49,medium,low,7,namesilo,,,28/09/2026 22:17
9e4fb645-d711-40a2-8631-0b34941fe08d,cervine.city,available,5.98,37.98,medium,low,7,namecheap,,,12/08/2026 01:00
ada2adaf-b5e4-4635-96fb-b018d7da819e,bachelor.city,premium,207.2,414.2,high,low,8,spaceship,,,29/09/2026 00:12
8f797d3a-e033-4cce-9569-f96f10650c4f,stealthily.city,available,5.98,37.98,medium,low,10,namecheap,,,16/09/2026 06:59
945c4cf5-9e3a-4152-8831-7188b13dbd93,heralded.city,available,5.98,37.98,high,low,8,namecheap,,,21/08/2026 06:51
e14448ce-eb9e-40f8-b37d-34011283bb7b,enrichment.city,available,7.25,28.49,high,low,10,namesilo,,,03/10/2026 00:40
56435baa-9bde-4a59-892c-d805f4901688,asterope.city,available,5.98,37.98,low,low,8,namecheap,,,20/09/2026 17:16
13074ea3-fc16-406e-9289-8f164b80ddd7,occurrence.city,available,7.25,28.49,high,low,10,namesilo,,,25/09/2026 23:56
9642a5a4-d2c0-49af-9d2b-38367955b5df,unwitting.city,available,5.98,37.98,medium,low,9,namecheap,,,12/09/2026 14:24
3c461b92-36d3-4c6d-9129-6a61551c8c36,estimable.city,available,5.98,37.98,medium,low,9,namecheap,,,12/08/2026 19:44
2b31a676-1708-4c53-bf76-01e4cbd01d29,episcopal.city,available,5.98,37.98,medium,low,9,namecheap,,,17/08/2026 11:09
a836cd28-6bbf-4b67-b1a6-020e67aa07fb,heaven.city,resell,,,high,low,6,"Xiamen ChinaSource Internet Service Co., Ltd",04/05/2019 05:32,04/05/2027 05:32,29/09/2026 17:41
7b51970b-5df9-45ed-a17a-f110b1f2011f,drifted.city,available,7.25,28.49,low,low,7,namesilo,,,30/09/2026 07:02
c115eed6-d3eb-49e7-a866-4f3e53d16560,guineas.city,available,22.2,22.2,medium,low,7,cloudflare,,,01/10/2026 17:45
c05d0ce8-c5c6-4c28-8582-fa586356a304,remains.city,available,7.25,28.49,medium,low,7,namesilo,,,27/09/2026 03:27
8617fade-c3a4-4412-8d63-55e1c453518e,extremist.city,available,5.98,37.98,medium,low,9,namecheap,,,17/08/2026 19:32
4e6a7f9c-6bb9-4d10-8c08-6ca0f997261b,muhammed.city,available,22.2,22.2,medium,low,8,cloudflare,,,02/10/2026 09:49
885b0dad-6370-49d6-8c35-9070736b38f2,paternity.city,available,5.38,22.97,high,low,9,spaceship,,,01/10/2026 02:01
7936daa5-f450-4346-af84-8f0265e3899d,frequently.city,available,5.38,22.97,medium,low,10,spaceship,,,28/09/2026 14:57
9972629f-fa1a-4b59-9d5f-3d9cfdd458b1,kinship.city,available,7.25,28.49,high,medium,7,namesilo,,,02/10/2026 15:04
e28cf5c9-52ee-4604-8f32-f07fbd40a6b5,landscapes.city,available,5.38,22.97,medium,low,10,spaceship,,,01/10/2026 18:18
49b4daef-117a-489c-9c81-3053c35f59ae,lecturer.city,available,7.25,28.49,high,low,8,namesilo,,,30/09/2026 10:24
fe75f13a-b4df-4687-a595-da48d4f1da2d,palestinians.city,available,22.2,22.2,medium,low,12,cloudflare,,,02/10/2026 13:19
2083a2ca-9d6f-499e-856d-b815e7bddf00,squander.city,available,5.98,37.98,medium,low,8,namecheap,,,13/09/2026 08:34
0a42c30b-0871-433c-b65e-4d614738a6ee,tiara.city,available,7.25,28.49,high,low,5,namesilo,,,03/10/2026 02:14
b4e05cd3-1c69-4403-9b3c-72b5c24ee3b8,openness.city,available,22.2,22.2,high,low,8,cloudflare,,,03/10/2026 01:43
c9791b74-c5f3-41f8-82bf-a8dc88df3f93,succeed.city,available,7,,high,low,7,unstoppable,,,30/09/2026 16:37
dfe5bda9-17e2-4fc5-abba-4bc48b6e86d1,individually.city,available,7,,medium,low,12,unstoppable,,,29/09/2026 16:19
d96fddb8-b405-4ad1-8a37-e4861880feb0,celluloid.city,available,5.98,37.98,high,low,9,namecheap,,,11/08/2026 23:34
6f2f1c49-1ac5-482a-ae12-353440364898,periodical.city,available,5.98,37.98,high,low,10,namecheap,,,08/09/2026 17:13
03873f05-6da0-45fd-aacd-35c65965ee9d,microfilm.city,available,7,,high,low,9,unstoppable,,,02/10/2026 16:06
552ec85c-6449-423b-8b21-497776e5d39f,convinced.city,available,5.38,22.97,high,low,9,spaceship,,,01/10/2026 19:46
ed8a22be-36ad-4ebe-9e1c-6ce52e2ce579,scandalous.city,available,5.98,37.98,medium,low,10,namecheap,,,14/08/2026 10:26
e53aafdf-93cc-438d-adb1-8d8c6c457f21,pacify.city,available,5.98,37.98,high,low,6,namecheap,,,18/08/2026 22:00
2cda75f2-0038-4cb4-aee1-39ae603c9546,proportions.city,available,7.99,41.99,high,low,11,name.com,,,17/09/2026 11:38
eaa960b7-c1e7-48f8-8dac-2bc1aa0e85a4,intrusive.city,available,5.98,37.98,high,low,9,namecheap,,,22/08/2026 08:49
f3617ac8-59f9-4ec1-b302-d33c8152f49a,bespoken.city,available,5.98,37.98,medium,low,8,namecheap,,,09/08/2026 17:31
f846929a-3005-475f-8449-d971991b7efb,disciples.city,available,4.5,23.76,high,low,9,dynadot,,,29/09/2026 16:57
45bc515e-1081-4aab-b884-e556c70b326e,decomposition.city,available,5.38,22.97,medium,low,13,spaceship,,,30/09/2026 22:50
45a68d5e-58ab-4d61-a7cd-1301cbc2da47,aspect.city,available,22.2,22.2,high,low,6,cloudflare,,,28/09/2026 22:41
fcb24b0d-6f52-4765-8b97-935d8b5b2007,faddy.city,available,5.98,37.98,medium,low,5,namecheap,,,17/08/2026 20:35
4ec71ab1-16b5-4070-8cb0-02f16a7b8a63,businesslike.city,available,22.2,22.2,medium,low,12,cloudflare,,,02/10/2026 10:46
382ba851-5ca3-4310-bae3-55b97cb03b06,slapdash.city,available,5.98,37.98,medium,low,8,namecheap,,,10/09/2026 09:57
2eb3f951-bf8c-44cd-a960-ba5b16ab2d2b,components.city,available,7,,medium,low,10,unstoppable,,,29/09/2026 16:20
589da4cd-91b6-4616-840c-cecff5c6b888,returning.city,available,4.5,23.76,high,low,9,dynadot,,,27/09/2026 13:35
476040bb-eadb-4ca3-87e5-e843155132dd,linnean.city,available,5.98,37.98,medium,low,7,namecheap,,,23/08/2026 17:24
e27eca9c-3872-4bec-a58b-340e75c0fa44,falsetto.city,available,5.98,37.98,high,low,8,namecheap,,,17/08/2026 21:33
9c921a03-e764-4cd3-a2a1-14b23c82b4cd,dress.city,premium,23.6,23.6,high,low,5,namesilo,,,24/09/2026 12:08
3413338e-a942-48a2-860d-ce59ad71b88c,therefor.city,available,5.98,37.98,medium,low,8,namecheap,,,16/09/2026 08:40
25e0794a-e5a7-47b9-b3f2-ff78dac11327,punishing.city,available,5.98,37.98,high,low,9,namecheap,,,06/08/2026 17:10
9a486e97-e4f3-434f-b046-e126ca5c29a9,spikes.city,available,5.98,37.98,high,low,6,namecheap,,,30/09/2026 07:14
03ea2c7f-c680-4178-8664-6aac7fc715ae,conductor.city,available,7.25,28.49,high,low,9,namesilo,,,29/09/2026 10:48
822c98f2-29f4-40b5-a2b6-54c5ccf1ee63,relevance.city,available,7.25,28.49,high,low,9,namesilo,,,30/09/2026 09:36
156bbf21-7e31-4f31-a6c0-d6367eee6445,fragmentation.city,available,5.38,22.97,medium,low,13,spaceship,,,02/10/2026 11:50
2a6b0473-79a7-44a8-b31d-9bb812230ef2,strapping.city,available,5.98,37.98,medium,low,9,namecheap,,,09/08/2026 08:02
dda6b8e0-43d7-4059-961a-4827d84d6a80,buchanan.city,available,5.38,22.97,high,low,8,spaceship,,,28/09/2026 01:11
87ddd6b7-148c-4e5c-8c86-594373945c49,dea.city,premium,,,high,low,3,,,,30/09/2026 01:16
e7b272b6-4f55-4da8-a2e7-c717a9cca894,indigene.city,available,5.98,37.98,high,low,8,namecheap,,,03/09/2026 13:49
23955adf-1242-4b2c-910e-ada2279fc5b0,shoplift.city,available,4.5,23.76,medium,low,8,dynadot,,,30/09/2026 21:24
711ed420-3b93-47fc-b662-7d83e4b3ecde,roche.city,available,5.38,22.97,high,low,5,spaceship,,,02/10/2026 18:03
57db76a9-0af2-4f9c-b5b0-ad948408f0e6,liaison.city,available,5.98,37.98,high,low,7,namecheap,,,17/09/2026 14:03
15a361f9-95ea-45bf-9322-3cbdfddd94d4,yvette.city,available,7,,medium,low,6,unstoppable,,,30/09/2026 20:09
92d439c9-7e49-4c07-bdcf-1c52f1257d62,trigon.city,available,5.98,37.98,high,low,6,namecheap,,,11/09/2026 19:46
8dd0b02c-dbbb-40d4-b9a4-602824de41e9,sciolist.city,available,5.98,37.98,medium,low,8,namecheap,,,14/08/2026 07:43
2f413fe8-1a65-415d-afe7-28dc45388fc9,gdp.city,premium,260,520,high,low,3,namecheap,,,25/09/2026 06:24
67493f12-8896-4943-b652-f0914b5451b4,sideline.city,available,7.25,28.49,high,low,8,namesilo,,,21/09/2026 09:42
b78a8401-ea43-4d30-8ec7-c6b95e22985c,gaol.city,available,5.98,37.98,medium,low,4,namecheap,,,08/09/2026 22:46
5c48143c-476c-4023-bc4c-8153642d95a9,natives.city,available,7.25,28.49,high,low,7,namesilo,,,18/09/2026 01:41
e9f92b06-7c99-45d8-8324-82d77f637d72,virtue.city,available,7,,high,low,6,unstoppable,,,28/09/2026 10:22
89c49aea-2778-4d74-bacb-423964b90124,bulky.city,available,7.25,28.49,medium,low,5,namesilo,,,23/09/2026 10:36
afa8c4ee-2de1-4c19-8629-cbbf74b1337a,coils.city,available,5.38,22.97,medium,low,5,spaceship,,,02/10/2026 03:31
3b825789-55c9-4b75-b633-2186a5ffb8aa,dandified.city,available,7.99,41.99,medium,low,9,name.com,,,13/08/2026 17:01
0002383e-be7a-408c-989b-d26fcd59f606,infertile.city,available,5.98,37.98,medium,low,9,namecheap,,,22/08/2026 04:24
c6a37bba-2ea6-4bee-b307-0f0e3c0ff528,bassine.city,available,7.25,28.49,medium,low,7,namesilo,,,22/09/2026 12:22
ef9d6851-f6bd-48f3-917d-38b3eae727c8,conner.city,available,5.38,22.97,medium,low,6,spaceship,,,02/10/2026 06:52
0b253f61-d8af-4532-8f64-14cbd1bb7732,daniele.city,available,7.25,28.49,medium,low,7,namesilo,,,02/10/2026 23:24
3a44c6c4-380a-415a-b68e-a043ee148b68,engross.city,available,5.98,37.98,medium,low,7,namecheap,,,10/09/2026 19:54
5d4b0f8c-3a87-4751-8ce5-03b676a15ae9,engel.city,available,5.38,22.97,high,low,5,spaceship,,,28/09/2026 04:50
d382f8a2-e225-44e3-b816-8dc683e402ee,kick.city,resell,,,high,high,4,"DNSPod, Inc.",23/04/2023 15:15,23/04/2027 15:15,27/09/2026 03:59
3c9a2eb1-d17b-4d82-bf2d-bbd83e4f97da,sliding.city,available,5.38,22.97,high,low,7,spaceship,,,27/09/2026 22:47
00552c11-4974-4ec4-b6e6-5abb178eabec,paragraph.city,available,7.25,28.49,high,low,9,namesilo,,,28/09/2026 15:02
68097aba-7477-457d-9482-1acc5c61595d,cooperstown.city,available,5.38,22.97,high,low,11,spaceship,,,01/10/2026 23:32
d469a33f-ba41-4600-9523-308b2b34f8b3,reservations.city,premium,23.6,23.6,medium,low,12,namesilo,,,17/09/2026 23:30
5827a370-1873-41e6-b625-4abb6f4e953c,atomistic.city,available,5.98,37.98,low,low,9,namecheap,,,07/08/2026 13:42
e096d5ff-fa57-45b4-ba23-6b264a643897,stocked.city,available,5.98,37.98,medium,low,7,namecheap,,,10/09/2026 20:54
1151d09e-bc18-4275-b130-4f30a5902aaa,maids.city,available,7.25,28.49,medium,low,5,namesilo,,,30/09/2026 00:12
03cd4764-1328-4cd5-8b10-918ec4be3657,founding.city,available,4.63,23.17,high,low,8,porkbun,,,29/09/2026 18:56
7ce76de5-d331-427a-9769-3e4017817f73,recumbent.city,available,5.98,37.98,medium,low,9,namecheap,,,
9101ca78-418a-4140-ad7c-55b6b2007933,coyotes.city,available,7,,medium,low,7,unstoppable,,,30/09/2026 07:28
6843b714-9673-4561-8611-337f7a55d63b,gertrude.city,available,7.25,28.49,medium,low,8,namesilo,,,28/09/2026 21:50
74b8465b-6563-4971-bf2f-e0806a22a445,headphones.city,available,7.25,28.49,high,low,10,namesilo,,,02/10/2026 01:19
8e671934-87a0-4cb0-833b-2f13201f3048,natick.city,available,7.25,28.49,medium,low,6,namesilo,,,02/10/2026 08:03
89a72538-a137-4a6a-b97b-8e798ea39e9a,announced.city,available,7.25,28.49,high,low,9,namesilo,,,22/09/2026 05:10
eb2076c4-2b84-461f-a13b-fa8c2cbcef45,reveal.city,available,5.38,22.97,high,low,6,spaceship,,,30/09/2026 16:44
488ee290-19b5-48d6-9617-529621869dec,meddle.city,available,7,,medium,low,6,unstoppable,,,30/09/2026 20:30
6d13d206-47c8-4b5d-8938-29def5c3a451,computed.city,available,7,,medium,low,8,unstoppable,,,02/10/2026 13:22
325c93ac-6adf-4c2b-b485-a521577f305d,singletree.city,available,7.99,,medium,low,11,name.com,,,
1119bba8-4641-4140-9d9b-39bcf9cecc0f,heights.city,resell,,,high,low,7,,,,27/09/2026 13:59
11c46a38-556c-44f4-83b1-d6e6f63e18d9,buttonlike.city,available,5.98,37.98,medium,low,10,namecheap,,,09/08/2026 03:39
b7eabcdd-735e-4eb1-b72e-462ccac1ea3d,farseeing.city,available,5.98,37.98,medium,low,9,namecheap,,,14/08/2026 22:22
024e7f57-47e0-44f9-8bd9-bee1acd0e5db,cashel.city,available,7,,medium,low,6,unstoppable,,,03/10/2026 04:18
fbf38d63-983b-4774-8b16-69b5fe859e1c,subocean.city,available,5.98,37.98,low,low,8,namecheap,,,11/09/2026 00:32
99477e9e-7a7c-4b8d-a5bf-c53d7d55f1be,permitted.city,available,7.99,,high,low,9,name.com,,,
b0d81c8e-1338-40d6-b8ba-b6f531601a97,floodlit.city,available,5.98,37.98,medium,low,8,namecheap,,,18/08/2026 08:47
0713fbe7-208f-43fb-8e05-828929264c08,arhat.city,available,7.99,41.99,medium,low,5,name.com,,,20/09/2026 05:05
ac22f590-dc30-4411-a774-725cc02411e8,notably.city,available,5.98,37.98,medium,low,7,namecheap,,,15/09/2026 16:54
aa21ba3c-cb1b-4a29-a966-7f33f9ed3a07,unmapped.city,available,5.98,37.98,medium,low,8,namecheap,,,12/08/2026 02:55
eea97793-2441-4300-ae77-ebbbe4a4f017,assault.city,available,7.25,28.49,medium,low,7,namesilo,,,20/09/2026 15:48
e5804a27-e371-4f75-a956-2556636e8f78,frugally.city,available,5.98,37.98,medium,low,8,namecheap,,,14/09/2026 20:25
33bcbf71-a16b-463c-8033-7d42afa8a07e,soar.city,resell,,,high,low,4,,,,01/10/2026 03:34
2e41ea7a-7e0d-4974-93d0-8eec21e2ce41,prep.city,resell,,,high,low,4,,,,28/09/2026 02:07
8937b892-cec0-4aea-9e4f-5827dace2cd5,fda.city,premium,78.54,78.54,high,low,3,namesilo,,,25/09/2026 05:55
d35f201e-2e1c-43c7-919c-57c77e6b54b2,steuben.city,available,7.25,28.49,medium,low,7,namesilo,,,22/09/2026 07:05
9da4fbf8-2702-41df-a4ce-22ec72efc8e4,amusing.city,available,5.98,37.98,high,low,7,namecheap,,,
759bdb1d-acb1-4c04-ad10-b295bcbc3b2d,sucker.city,available,7.25,28.49,high,low,6,namesilo,,,18/09/2026 08:56
ab159836-db3c-4871-a9e9-e7c2e1932edb,ohio.city,resell,,,high,low,4,"GoDaddy.com, LLC",16/10/2016 17:38,16/10/2027 17:38,29/09/2026 04:57
aa60fd5c-900d-4e2d-80a7-73b6704c83ec,guile.city,available,5.98,37.98,medium,low,5,namecheap,,,13/08/2026 10:41
30d2d955-5775-446e-b743-b760e2cfc7cc,penultima.city,available,5.98,37.98,medium,low,9,namecheap,,,08/09/2026 15:14
abed165a-9b9b-469c-bccb-1ac86d77be78,channel.city,premium,512,512,high,low,7,namesilo,,,29/09/2026 08:01
0fb1974b-a216-43cb-b712-85e703e105ce,advent.city,resell,,,high,low,6,"DNSPod, Inc.",13/01/2025 15:15,13/01/2028 15:15,26/09/2026 01:23
3205110a-fa3a-4309-ac1f-1b2de71bb562,notary.city,resell,,,high,low,6,,,,03/10/2026 01:42
cee0c9f2-a169-4b00-8f55-db9c3fa5de33,bentham.city,available,7.25,28.49,medium,low,7,namesilo,,,23/09/2026 08:40
ed8d8bbd-f7d3-4dc9-b964-ddf4d05c1c10,casinos.city,resell,,,high,low,7,,,,29/09/2026 17:35
943de0eb-365c-4a7e-ac6b-4466cccf7048,ies.city,premium,34.36,68.51,medium,low,3,spaceship,,,01/10/2026 16:28
a69eaa4a-22a6-47ef-b81d-fcdc72452397,kidnapped.city,available,7.25,28.49,medium,low,9,namesilo,,,27/09/2026 03:07
5dd361e8-9e00-47f8-a20f-1980b20aeed7,lobes.city,available,7,,medium,low,5,unstoppable,,,01/10/2026 17:10
db6fe17c-d88a-4713-9a5f-5544bec8bf94,unite.city,resell,,,high,low,5,"DNSPod, Inc.",26/06/2024 17:00,26/06/2027 17:00,26/09/2026 09:52
2e8b390b-bf6f-4808-9795-2eba723b143b,panoplied.city,available,5.98,37.98,medium,low,9,namecheap,,,06/08/2026 21:42
c967cc2f-9a37-4487-be30-1adb12e60432,guiltless.city,available,5.98,37.98,high,low,9,namecheap,,,12/08/2026 10:18
12e71d64-d4fe-4704-b3a0-4dc61d9bb352,agrippina.city,available,5.98,37.98,medium,low,9,namecheap,,,17/09/2026 19:33
72af0233-773e-40c3-a6c7-9c3cb12a88fb,sickish.city,available,5.98,37.98,medium,low,7,namecheap,,,03/09/2026 14:05
63c978b6-3928-4e36-8d9b-a80c2f7737cb,oversized.city,available,5.98,37.98,medium,low,9,namecheap,,,04/09/2026 19:45
03a3114c-c2db-460f-a971-b08df61da5db,munificent.city,available,5.98,37.98,medium,low,10,namecheap,,,22/08/2026 21:09
a7952ee0-63b8-4a27-917b-62e339cc59a9,soundbar.city,available,5.98,37.98,high,low,8,namecheap,,,02/10/2026 03:28
e3efef6c-ca24-4817-99ee-9528a032c35e,ultimate.city,resell,,,high,low,8,"DNSPod, Inc.",24/04/2025 15:15,24/04/2027 15:15,26/09/2026 09:50
f2c6fbcb-9688-42e3-8318-b518a2cc786e,stooping.city,available,5.98,37.98,medium,low,8,namecheap,,,21/08/2026 15:34
7695d55a-b179-4fd3-8239-da04ddd7aa7c,residency.city,available,7,,high,low,9,unstoppable,,,29/09/2026 07:59
d1008a66-a03a-4c8b-b674-686b8fb80237,hedonistic.city,available,5.98,37.98,medium,low,10,namecheap,,,21/08/2026 05:56
dd03c8ca-138a-413f-8417-70a0b980d42c,ard.city,premium,34.36,68.51,medium,low,3,spaceship,,,28/09/2026 11:18
4417273b-fbf7-40cf-bc18-4697a199a655,cryonic.city,available,5.98,37.98,medium,low,7,namecheap,,,13/08/2026 09:37
9722e5f6-9f7e-477e-93ce-d4f6e91b571d,lento.city,available,5.98,37.98,medium,low,5,namecheap,,,22/08/2026 23:53
2d328772-3bc3-4663-9b62-3ee727a5d247,landmark.city,resell,,,high,low,8,,,,29/09/2026 13:16
f536a153-9d38-4c48-a9eb-c65d88312993,horns.city,available,7.25,28.49,medium,low,5,namesilo,,,17/09/2026 08:11
9a3103dd-9a45-42ab-b8b1-79406083f424,financing.city,available,7,,high,low,9,unstoppable,,,29/09/2026 12:21
5187e24a-a598-4de6-a46e-e0182fa9967b,disloyal.city,available,5.98,37.98,medium,low,8,namecheap,,,14/08/2026 11:36
c65251ac-8d2c-4b34-8906-251d156be386,congenital.city,available,5.98,37.98,high,low,10,namecheap,,,12/08/2026 21:40
1137c5bb-4bbd-4871-ad52-3a33ca3c471f,emblazon.city,available,7.99,41.99,medium,low,8,name.com,,,24/09/2026 05:09
4febb2aa-4384-4bb3-a879-e6d152e7d076,chervil.city,available,7.25,28.49,medium,low,7,namesilo,,,19/09/2026 13:55
0d2c3e7b-69a8-4968-8221-95714129cd46,cash.city,resell,,,high,medium,4,"Spaceship, Inc.",08/08/2015 21:07,08/08/2027 21:07,26/09/2026 04:47
e7bf9420-bc76-4c3d-966c-5f0d3b96ba6c,sunhat.city,available,5.38,22.97,high,low,6,spaceship,,,30/09/2026 12:15
ed4e2e94-ec46-4d1f-a3f7-aed0f02ec2f7,wolfe.city,available,5.98,37.98,high,low,5,namecheap,,,25/09/2026 10:55
da287047-cb10-4bb4-9e65-e21e7383f9e6,sunda.city,available,5.38,22.97,medium,low,5,spaceship,,,02/10/2026 00:35
c51ac504-0477-4411-ba3d-7843aeec37f9,aga.city,premium,23.6,23.6,high,low,3,namesilo,,,17/09/2026 15:58
56caea1d-e435-4aa1-8f04-04e9d0f0de2d,weaponry.city,available,7.25,28.49,medium,low,8,namesilo,,,20/09/2026 07:43
52f665a8-b373-4831-b91a-5f492a4a24b4,coronary.city,available,5.98,37.98,high,low,8,namecheap,,,13/08/2026 01:44
906a1fab-4579-473e-8cfd-a5da9aa3ae31,attractive.city,available,7.25,28.49,high,low,10,namesilo,,,22/09/2026 11:44
a98f77d0-a10d-4300-a87d-2acb0a35e82c,vogue.city,resell,,,high,low,5,,,,29/09/2026 02:30
ef6a21fb-0330-4d6a-8d5c-d4c3b6bad7f2,gluey.city,available,5.98,37.98,medium,low,5,namecheap,,,20/08/2026 15:16
ec9ede05-3a2b-49a1-a018-86ecef38755a,riddled.city,available,5.98,37.98,medium,low,7,namecheap,,,09/09/2026 17:19
dc117e6d-0e65-455b-978d-ba46cd79c4e7,clausal.city,available,5.98,37.98,medium,low,7,namecheap,,,12/08/2026 10:00
7364934d-b20e-49dd-8a3f-f8f640c344ed,npp.city,premium,78.54,78.54,medium,low,3,namesilo,,,03/10/2026 05:35
3a1d1266-9f53-4434-9eb0-0e71f75c1056,canine.city,available,5.98,37.98,high,low,6,namecheap,,,11/08/2026 16:56
00bd9566-c17d-47fd-8492-2ec7598d2b25,canonized.city,available,5.98,37.98,medium,low,9,namecheap,,,11/08/2026 17:25
e09f8850-35c1-4b4a-81b4-a20e136647f6,distrait.city,available,5.98,37.98,low,low,8,namecheap,,,14/08/2026 13:10
676fa0da-c084-40e2-a5d8-b2f8fec22e07,embrace.city,available,5.98,37.98,high,low,7,namecheap,,,29/09/2026 17:59
c0498567-af3b-43d0-8454-d183a05bdd59,hog.city,premium,,,high,low,3,,,,28/09/2026 10:04
c334da75-eb5e-48fe-934e-e8c55dd1cae6,dogfish.city,available,5.98,37.98,high,low,7,namecheap,,,18/09/2026 21:24
2d1b5837-78d8-4c0c-8473-bf00d938c8da,octal.city,available,5.98,37.98,medium,low,5,namecheap,,,04/09/2026 00:39
2fad7f49-0178-46a1-8c0f-74fd214a184e,eared.city,available,5.98,37.98,medium,low,5,namecheap,,,14/08/2026 14:39
ed71b5ee-b751-4045-b355-d244931cb327,harsh.city,available,5.98,37.98,medium,low,5,namecheap,,,12/08/2026 13:58
403316a4-3234-40bd-bea6-e58692ce6bec,littler.city,available,5.98,37.98,medium,low,7,namecheap,,,24/08/2026 07:33
53f215fa-8954-4194-80b6-1bded1f68ccf,unholy.city,available,5.98,37.98,medium,low,6,namecheap,,,14/08/2026 01:33
e2da0f1b-5982-48fb-90c3-1e54f1d39d8e,ibuprofen.city,available,7.25,28.49,high,low,9,namesilo,,,17/09/2026 11:14
42a435a2-dc28-46bc-a5c5-07710a307e7e,catholics.city,available,5.98,37.98,medium,low,9,namecheap,,,19/09/2026 20:28
dfaac9fe-5ca1-47e4-b3f5-c0b1dbd15893,sweater.city,available,22.2,22.2,high,low,7,cloudflare,,,28/09/2026 06:35
b118c1ef-7d9d-416e-82dc-dc3fc29730b9,scallion.city,available,7.25,28.49,medium,low,8,namesilo,,,18/09/2026 11:26
b3a86ca6-5c5b-4cfe-8979-e21aed1cccbe,sings.city,available,7.25,28.49,medium,low,5,namesilo,,,27/09/2026 23:41
8c253561-0750-47e3-9742-a141c53b2f9a,deductive.city,available,5.98,37.98,medium,low,9,namecheap,,,13/08/2026 22:29
896a787c-5aa4-4aba-b857-ad51893b34bd,olden.city,available,5.98,37.98,medium,low,5,namecheap,,,04/09/2026 02:02
4c9292f2-dd17-4027-95ae-374ee7d14a39,repay.city,available,4.63,23.17,high,low,5,porkbun,,,28/09/2026 06:39
79fffef5-060e-4db9-9bed-6d292a238cfb,detoxify.city,available,7.25,28.49,high,low,8,namesilo,,,29/09/2026 14:25
1a9a9c19-a0bc-4bab-a7c1-80a49fa0f6cb,household.city,available,7,,high,low,9,unstoppable,,,29/09/2026 18:57
454d60e7-b255-47f0-bd14-4fc10ec4bbe9,swept.city,available,5.98,37.98,high,low,5,namecheap,,,11/09/2026 05:44
357a21f1-fae0-4633-af21-4269e8ff1530,rag.city,premium,23.6,23.6,high,low,3,namesilo,,,24/09/2026 12:22
95dd0837-f9c2-43ed-b4da-d803cca60933,unclear.city,available,5.98,37.98,high,low,7,namecheap,,,21/08/2026 19:00
390a385d-c329-4d04-bb66-b68cb174b5bf,companions.city,available,7.25,28.49,medium,low,10,namesilo,,,29/09/2026 05:19
7e7a71b6-1082-4f0f-a477-88eda2bc149e,haircuts.city,available,7.25,28.49,medium,low,8,namesilo,,,21/09/2026 07:16
3b35caaa-fb0e-478f-84a7-bbe2c4bdf8dd,prostitute.city,available,7.99,41.99,high,low,10,name.com,,,13/08/2026 14:11
c43a9661-6948-42f3-a036-9872f73adf43,calcium.city,available,7.25,28.49,high,low,7,namesilo,,,20/09/2026 22:32
44f3cf3c-4b54-4f63-b21a-2786a75b9a78,ridicule.city,available,5.98,37.98,high,low,8,namecheap,,,24/09/2026 02:25
ae96a41d-712e-4491-8d7b-e6bea18a3cf5,rockland.city,premium,42.9,85.8,high,low,8,namecheap,,,28/09/2026 11:44
178cf893-22db-49b1-847a-b64693fbe263,gouty.city,available,5.98,37.98,medium,low,5,namecheap,,,20/08/2026 17:18
3f30856d-7b5c-4ee1-8682-4bc263c6210e,walden.city,available,7.25,28.49,medium,low,6,namesilo,,,27/09/2026 08:12
64a28be4-d3bf-4f43-a4bd-0ebcb4575643,neotenic.city,available,5.98,37.98,medium,low,8,namecheap,,,03/09/2026 15:31
73686059-8e05-49a7-9672-d3d43effadac,macon.city,premium,260,520,high,low,5,namecheap,,,27/09/2026 04:39
943147a1-fcf8-4c30-85e4-2cf6e0a280b1,resect.city,available,5.98,37.98,medium,low,6,namecheap,,,17/08/2026 15:12
aa4d16a8-9d16-4f61-8024-251f3f7d598f,everard.city,available,5.98,37.98,medium,low,7,namecheap,,,02/10/2026 09:21
7ee1442d-cf7a-4e24-bebb-e1871ea0bee4,cured.city,available,5.98,37.98,high,low,5,namecheap,,,13/08/2026 01:35
4162de87-a88d-4048-8c5c-260d7d156d2e,tog.city,premium,21.45,42.9,high,low,3,namecheap,,,19/09/2026 20:00
b556bb7c-0efb-4e76-8ef8-954ff2ac6a05,complains.city,available,7.25,28.49,low,low,9,namesilo,,,01/10/2026 17:20
fc387bcf-dac7-4496-84fd-3da9b7928cb6,altar.city,available,5.98,37.98,high,low,5,namecheap,,,18/09/2026 14:32
3a58458c-e8a5-4687-a9ad-50fcb205ed45,pls.city,premium,46.2,92.4,high,low,3,namecheap,,,
38ba12ff-effd-4162-a25e-b200ea135cd5,esperanza.city,available,22.2,22.2,high,low,9,cloudflare,,,30/09/2026 23:47
693024ef-da71-4f7b-954e-899a411ca1ce,rudolf.city,available,7.99,41.99,high,low,6,name.com,,,25/09/2026 15:40
d358a8db-0f58-4eab-9922-ff6c54b0d47a,bulging.city,available,5.98,37.98,medium,low,7,namecheap,,,09/08/2026 13:41
30fda410-c809-4587-b00f-eb552dabeae4,quaker.city,premium,,,high,low,6,,,,29/09/2026 20:05
e91fdbb1-ee19-4548-89e7-f38af1d03d03,silvan.city,available,7.25,28.49,medium,low,6,namesilo,,,19/09/2026 11:29
2a246d6e-0242-46e5-8749-d8a82d5daf5e,malayan.city,available,5.98,37.98,medium,low,7,namecheap,,,24/08/2026 13:44
d475da44-03ec-4db4-92dc-29ed31e657ae,overdone.city,available,5.98,37.98,medium,low,8,namecheap,,,17/08/2026 15:34
7ad46673-8a7d-4186-b8bc-9f76b0b35105,banjo.city,available,7.25,28.49,high,low,5,namesilo,,,22/09/2026 02:11
a68a4a08-6ac5-4206-9427-20115435c5f2,ramirez.city,available,7,,medium,low,7,unstoppable,,,28/09/2026 08:04
3e8599fa-119a-44a6-bae4-8cc0d234585f,biogenic.city,available,5.98,37.98,high,low,8,namecheap,,,10/08/2026 01:27
c65cfae1-87cd-4f52-89eb-b882519e8cf1,chilly.city,available,5.98,37.98,high,low,6,namecheap,,,12/08/2026 05:30
63d201c6-9e24-4675-ab84-552254b6db3d,wake.city,available,7.25,28.49,high,low,4,namesilo,,,22/09/2026 14:42
e0d93186-2827-4ee2-abc2-3163d3dfde79,ase.city,premium,34.36,68.51,high,low,3,spaceship,,,02/10/2026 08:42
6221c271-a897-48e1-8fe7-acbe801c5c8d,tweed.city,available,22.2,22.2,medium,low,5,cloudflare,,,02/10/2026 16:59
e9b9b37d-9bdf-4a1a-9408-4d053d4127b9,event.city,resell,,,high,medium,5,"Spaceship, Inc.",08/12/2023 15:15,08/12/2026 15:15,29/09/2026 08:05
8a2c8b44-3d1f-4135-ae85-23ef108c98b0,autobahn.city,available,5.98,37.98,high,low,8,namecheap,,,21/09/2026 05:50
089ecffb-46df-458b-92aa-9c8dcb0ab4a8,cosmonaut.city,available,5.98,37.98,high,low,9,namecheap,,,20/09/2026 18:01
c148ccd2-b9f2-4d14-b922-76717a5194d2,individuals.city,available,7,,medium,low,11,unstoppable,,,28/09/2026 12:49
97873c73-9693-4c25-bafc-832ff2b56522,skewed.city,available,5.98,37.98,medium,low,6,namecheap,,,10/09/2026 09:28
0090e528-eb84-425e-a241-6728e5a7299b,armoracia.city,available,7.25,28.49,medium,low,9,namesilo,,,20/09/2026 07:23
c8e94f2f-f207-40d7-a917-c3af65ef1971,hamish.city,available,5.38,22.97,medium,low,6,spaceship,,,30/09/2026 21:04
280c30ed-bac6-4f36-a815-371b76b14cf0,coeval.city,available,5.98,37.98,medium,low,6,namecheap,,,12/08/2026 15:28
8ff86e13-10de-4a50-9fd5-bdfcdf01548f,therapeutic.city,available,22.2,22.2,high,low,11,cloudflare,,,29/09/2026 14:26
95917e7a-0c8d-4319-9220-44579b66ec7b,crucifixion.city,available,7.25,28.49,medium,low,11,namesilo,,,01/10/2026 13:41
070669d3-bc84-4d9f-9d94-9998de445b9a,contributing.city,available,7.25,28.49,medium,low,12,namesilo,,,30/09/2026 05:48
47735598-c7c1-4d60-8da4-51d512d006b5,christiansen.city,available,22.2,22.2,medium,low,12,cloudflare,,,30/09/2026 13:39
0e43a793-25ed-4261-a0b1-6a6a631c6125,exist.city,available,7,,high,low,5,unstoppable,,,30/09/2026 19:30
f7fb2449-48fe-4325-959b-c219daf763c1,panipat.city,available,5.98,37.98,medium,low,7,namecheap,,,22/09/2026 15:36
335300f8-e730-4d04-8f4d-2ceafc998322,irene.city,available,5.38,22.97,medium,low,5,spaceship,,,28/09/2026 21:21
f9de95dc-0ace-47b7-ae06-c24a88ff979c,exodus.city,available,5.98,37.98,high,low,6,namecheap,,,24/09/2026 06:52
c0555701-71ab-48d9-a166-23e3f917044c,vincible.city,available,5.98,37.98,medium,low,8,namecheap,,,09/08/2026 05:42
5eaf86d3-bb2f-4dfb-982a-a5f8133533a2,grazed.city,available,5.98,37.98,medium,low,6,namecheap,,,20/08/2026 19:29
d5591388-7c44-4d13-a67b-b99b56789d1b,conjoin.city,available,5.98,37.98,high,low,7,namecheap,,,13/09/2026 09:37
004c79d2-34a2-46a2-9235-a39892353531,identifies.city,available,7.25,28.49,medium,low,10,namesilo,,,30/09/2026 22:38
37bafcda-2af9-4064-8d50-0c93abe01e31,lapse.city,available,4.5,23.76,high,low,5,dynadot,,,27/09/2026 14:20
2272e13c-79c7-4981-9943-52d9e781050e,baluchi.city,available,7.25,28.49,medium,low,7,namesilo,,,21/09/2026 23:42
d3fb3461-b672-4757-b45b-9f25d5c078cb,modulated.city,available,5.98,37.98,medium,low,9,namecheap,,,25/08/2026 03:19
156695f1-f40e-4045-a913-5aeaac68dc29,novels.city,available,5.38,22.97,medium,low,6,spaceship,,,28/09/2026 23:11
9bea5527-4cbf-4bcc-9e90-a85dcd365dd3,robespierre.city,available,5.98,37.98,medium,low,11,namecheap,,,30/09/2026 21:25
39d81bc3-4df9-4978-8d15-4fc0e070afbe,trunks.city,available,7,,medium,low,6,unstoppable,,,28/09/2026 20:26
89a22b2d-92ec-4085-af5c-cf4e67e13d04,justified.city,available,7.25,28.49,high,low,9,namesilo,,,25/09/2026 12:26
ed7a80ad-6415-481d-8a34-6d237ef83827,paced.city,available,7.25,28.49,medium,low,5,namesilo,,,18/09/2026 10:44
36e8603a-55a8-4cda-98e1-7f1ed0dde11c,treadmill.city,available,7,,high,low,9,unstoppable,,,03/10/2026 02:17
1b4d0152-3ffc-40e4-a340-91b2e8e64de5,autotype.city,available,7.25,28.49,medium,low,8,namesilo,,,21/09/2026 08:17
f87bfa8e-daa3-4183-8e2f-d105d6ec000e,postmaster.city,available,5.98,37.98,high,low,10,namecheap,,,01/10/2026 21:21
0729ae97-d19a-4a1c-b91c-8fbb301e111d,connectivity.city,available,5.98,37.98,high,low,12,namecheap,,,01/10/2026 17:34
d107f8b6-ab91-468b-a84f-a2ad0e7d3e27,drippage.city,available,5.98,37.98,medium,low,8,namecheap,,,14/09/2026 14:34
5cb6491b-7e92-40f1-8df7-8d66ab900cb9,analyzed.city,available,5.98,37.98,medium,low,8,namecheap,,,
6ebbbb39-8739-4ae0-989a-f33a5477a201,handcuffs.city,premium,78.54,78.54,medium,low,9,namesilo,,,30/09/2026 14:17
7848d94e-2c09-4dac-9f8b-cea7573e4cbb,aconite.city,available,7.25,28.49,medium,low,7,namesilo,,,17/09/2026 02:05
50420ffd-f215-4212-9527-a34c227ece5a,descendent.city,available,5.98,37.98,medium,low,10,namecheap,,,14/08/2026 03:16
193f9876-0270-47d1-90bd-eb9709fc8d4b,comal.city,available,5.98,37.98,low,low,5,namecheap,,,12/08/2026 18:23
01b96af6-4bca-4a92-967e-7fb505b0c34b,pressed.city,available,7.25,28.49,high,low,7,namesilo,,,27/09/2026 05:21
cddc6306-dff4-4de5-a72d-34a0bfe9211e,metastatic.city,available,5.98,37.98,medium,low,10,namecheap,,,24/08/2026 21:49
5d63ed75-920a-4c43-b740-c70e62fdbf4b,vestiary.city,available,5.98,37.98,medium,low,8,namecheap,,,13/09/2026 04:51
3920d0d7-4274-4e77-8b4a-73a0d05396d5,aardwolf.city,available,7.25,28.49,medium,low,8,namesilo,,,19/09/2026 15:52
2fb185ea-f622-4285-bdc0-c1051a593457,implying.city,available,5.38,22.97,high,low,8,spaceship,,,01/10/2026 23:05
162b1f31-1ef0-4421-8061-9d18bac701a9,commerce.city,resell,,,high,low,8,"GoDaddy.com, LLC",16/01/2019 18:37,16/01/2027 18:37,01/10/2026 01:08
a9465568-1e89-4a67-b8f6-92f75accb045,tameable.city,available,5.98,37.98,medium,low,8,namecheap,,,11/09/2026 07:38
8b95a9ed-e284-48ad-90a6-1c224494e36e,ecumenical.city,available,5.98,37.98,medium,low,10,namecheap,,,15/08/2026 04:38
457a4da4-14ef-464f-9272-722adbfd4a67,ansel.city,available,7.25,28.49,medium,low,5,namesilo,,,03/10/2026 06:01
18679424-20d1-4eb9-9f83-98ddd24d80c8,zacharias.city,available,7.25,28.49,medium,low,9,namesilo,,,02/10/2026 14:25
3c9fd055-8c1b-465d-aba3-b9f4e28e35aa,categorial.city,available,5.98,37.98,medium,low,10,namecheap,,,11/08/2026 21:27
6c5f8888-1193-4552-b511-f4ccbfbf92f3,cockpit.city,available,22.2,22.2,high,low,7,cloudflare,,,29/09/2026 10:12
11e54a9b-a059-4d4c-bb59-ac39d10b6c8d,linda.city,available,5.98,37.98,high,low,5,namecheap,,,25/09/2026 14:03
50a0bb79-8823-4452-8f53-7361df1449b9,revealing.city,available,5.38,22.97,high,low,9,spaceship,,,27/09/2026 13:41
f022095b-8f11-4463-8464-df2caf5735b9,bribable.city,available,5.98,37.98,low,low,8,namecheap,,,11/08/2026 03:42
d5cdfa4c-69f9-4676-a60b-49b25bad8d19,giacometti.city,available,7.25,28.49,high,low,10,namesilo,,,18/09/2026 02:46
6f7ae949-b0e4-4b26-8ee4-8ca76127d168,tease.city,available,5.98,37.98,high,low,5,namecheap,,,11/09/2026 09:59
90bcb2e7-fd43-4d31-98ab-da3e7d116488,gavin.city,available,7.25,28.49,high,low,5,namesilo,,,26/09/2026 03:29
300945d5-b0e6-4173-b62b-a9604ff84436,indian.city,resell,,,high,low,6,"GoDaddy.com, LLC",02/02/2016 13:35,02/02/2027 13:35,26/09/2026 06:50
712d1ef6-5064-4187-ba94-14a4e072d129,rheologic.city,available,5.98,37.98,medium,low,9,namecheap,,,09/09/2026 16:35
96b3914b-87e0-4cd5-abc9-9416e49e124c,contagious.city,available,5.98,37.98,medium,low,10,namecheap,,,11/08/2026 21:18
dd03717e-55f0-4131-9cfe-e0e93b4e9e24,unmerited.city,available,5.98,37.98,medium,low,9,namecheap,,,12/09/2026 15:37
9eaf5e6a-e227-4829-8667-b82e0f8ca975,subtitle.city,available,7.25,28.49,high,low,8,namesilo,,,30/09/2026 02:59
ce048cdb-18d0-4ade-8b50-e09fa696fa3a,polydactyl.city,available,5.98,37.98,medium,low,10,namecheap,,,08/09/2026 23:13
015c375f-65b5-43cb-b6a1-f84ff331741a,wofford.city,available,7.25,28.49,medium,low,7,namesilo,,,03/10/2026 06:06
c6843b44-3407-46d6-a837-e74315132aed,robustly.city,available,5.98,37.98,medium,low,8,namecheap,,,15/09/2026 23:57
6a04e93a-090c-4aaf-925a-69a5c592b084,asymptote.city,available,7.99,41.99,medium,low,9,name.com,,,20/09/2026 18:41
423af565-ca9c-4dcb-92f3-9f45d0bfa925,twit.city,available,5.98,37.98,medium,low,4,namecheap,,,11/09/2026 09:11
6e04fa07-a336-4cbf-b69c-3f1b908b2579,through.city,available,5.98,37.98,high,low,7,namecheap,,,24/09/2026 11:40
8549fb14-0086-476f-844b-37f11ee21d9e,prickly.city,available,5.98,37.98,medium,low,7,namecheap,,,08/08/2026 17:34
fedc2ec7-5573-409d-b30f-cde5394559cd,plutonic.city,available,5.98,37.98,medium,low,8,namecheap,,,19/09/2026 03:29
a1c7cce5-33ce-4696-a4c9-ac6b8d7a9e4b,beseeching.city,available,5.98,37.98,medium,low,10,namecheap,,,09/08/2026 15:20
29c944dd-71bf-4b7b-be0d-f5535e0740b2,gladys.city,available,7.25,28.49,medium,low,6,namesilo,,,26/09/2026 03:41
280acb69-11e9-4f7b-846d-63bf64810eb1,indecent.city,available,7.25,28.49,medium,low,8,namesilo,,,25/09/2026 09:06
3840582f-827e-434d-97d6-26d4dfae30a8,harmonization.city,available,5.38,22.97,high,low,13,spaceship,,,02/10/2026 21:49
e503b5c3-0012-41a5-91a1-4fdf9f59b3e7,recordings.city,available,7.25,28.49,medium,low,10,namesilo,,,29/09/2026 16:40
2beab07f-c82d-432c-8963-c9de39f4222b,patiently.city,available,5.98,37.98,medium,low,9,namecheap,,,15/09/2026 19:20
327444f2-478f-4066-a0c9-023f840f8c7e,insurance.city,resell,,,high,medium,9,,,,29/09/2026 23:58
9a40cf2d-849b-4a5a-9b85-746e6683efa5,knapsack.city,available,7.25,28.49,high,low,8,namesilo,,,21/09/2026 14:39
be543e15-8e7c-49ac-9331-9c47aa7f9614,rachel.city,available,7.99,41.99,high,low,6,name.com,,,25/09/2026 10:13
608df1d9-2328-4249-9131-100136d45bcb,knobbly.city,available,5.98,37.98,medium,low,7,namecheap,,,22/08/2026 16:31
bdf880d6-c863-4a9b-bf04-1686f6cf5268,trusted.city,resell,,,high,medium,7,Dynadot Inc,15/02/2026 17:00,15/02/2027 17:00,02/10/2026 11:46
d73c0356-810d-460f-93bd-058934a54724,skirt.city,available,5.38,22.97,high,low,5,spaceship,,,29/09/2026 03:43
75d14e61-ece9-494c-b3c9-aa8450d04f56,dissertation.city,available,5.38,22.97,high,low,12,spaceship,,,30/09/2026 03:22
8c4bdde2-96c7-4152-b444-317f93f339c5,worshipped.city,available,7.25,28.49,medium,low,10,namesilo,,,29/09/2026 16:18
6edafb6a-f624-4376-8d88-ecd1a037b28c,penal.city,available,5.98,37.98,medium,low,5,namecheap,,,08/09/2026 13:51
dfb299eb-2e4a-4320-a107-eb4f09a3c579,unnoted.city,available,5.98,37.98,medium,low,7,namecheap,,,04/09/2026 21:08
c48f73d5-665f-4310-9e0b-704184efb9ee,correcting.city,available,5.38,22.97,medium,low,10,spaceship,,,01/10/2026 15:24
35d4d18c-edd1-4cba-94f8-6298592c8f2f,rand.city,available,7.25,28.49,high,low,4,namesilo,,,21/09/2026 10:39
4d399e65-21ef-48f6-b636-2f0d4249fad7,citations.city,available,5.38,22.97,medium,low,9,spaceship,,,01/10/2026 00:26
92d4c6cd-4fce-4976-ac39-ac714e485314,compactly.city,available,5.98,37.98,medium,low,9,namecheap,,,14/09/2026 07:35
66083484-2e58-472d-a691-80e08fa79980,unclipped.city,available,5.98,37.98,medium,low,9,namecheap,,,12/09/2026 05:25
534d0589-ba32-41dc-8135-0a9945028275,osborn.city,available,7.25,28.49,high,low,6,namesilo,,,27/09/2026 07:58
37e81486-4978-4097-ac6e-a32644533da3,saying.city,available,5.98,37.98,high,low,6,namecheap,,,25/09/2026 09:03
8fe5b2a8-f4da-4a57-a271-1ec297472253,discomfort.city,available,7.25,28.49,high,low,10,namesilo,,,29/09/2026 15:28
fafa7955-09a7-4edb-9d04-076db5306f57,lowly.city,available,5.98,37.98,medium,low,5,namecheap,,,08/08/2026 21:38
0c3f88a9-d20f-46ab-8904-34281e7bb83f,anyways.city,available,5.98,37.98,medium,low,7,namecheap,,,13/09/2026 20:13
0ed998da-bb8b-46cd-998b-e48dc1fe4930,retained.city,available,5.38,22.97,high,low,8,spaceship,,,27/09/2026 13:05
8edb6df1-e89d-4623-a6b2-a6638a6243c0,cissy.city,available,5.98,37.98,medium,low,5,namecheap,,,12/08/2026 08:40
4af60ec8-38b6-4bad-acf0-51fec09219bf,mooney.city,available,4.5,23.76,high,low,6,dynadot,,,28/09/2026 03:44
ce63e6e2-a5c6-466a-a7cc-ce29b3ce1fc1,lae.city,premium,42.9,85.8,high,low,3,namecheap,,,02/10/2026 18:48
4f71081b-b12f-4155-9d18-5d924f792dd4,explored.city,available,7.25,28.49,high,low,8,namesilo,,,29/09/2026 23:24
524575b7-b006-40b6-8763-6a3549c79d2a,fresnel.city,available,7.25,28.49,high,low,7,namesilo,,,21/09/2026 04:00
f5ca70ba-8d26-42bb-9f21-b981efcd55f8,reflexion.city,available,5.98,37.98,high,low,9,namecheap,,,03/09/2026 11:28
d4ddea31-5d7e-4572-b733-0bbb34d635f8,sportswear.city,available,7.25,28.49,high,low,10,namesilo,,,17/09/2026 05:14
a060bf14-83b5-4c41-9f97-96e7c3505b27,displays.city,available,22.2,22.2,medium,low,8,cloudflare,,,30/09/2026 00:15
9a2f7e66-4a57-4189-a30c-bef20a72f24d,engaged.city,available,5.98,37.98,high,low,7,namecheap,,,10/08/2026 19:07
1c634f77-e289-4a50-812b-a49fd396c83d,laxative.city,available,5.98,37.98,high,low,8,namecheap,,,22/08/2026 21:25
6bcb736c-21f4-4abe-9c58-1b73f884cb9c,unstudied.city,available,5.98,37.98,medium,low,9,namecheap,,,12/09/2026 06:07
f6569141-92e7-490d-abec-c0566c9f8ae1,accusal.city,available,7.25,28.49,medium,low,7,namesilo,,,16/09/2026 23:22
cb815bec-10a2-47bf-9705-8453751767fa,consensual.city,available,5.98,37.98,high,low,10,namecheap,,,12/08/2026 22:31
e4f08471-5d04-42c7-9a4f-81857ab4f705,anaerobe.city,available,7.25,28.49,medium,low,8,namesilo,,,19/09/2026 01:18
c767f42c-ca75-43d2-9e6b-a1e5a54fb60d,nutritive.city,available,5.98,37.98,high,low,9,namecheap,,,08/09/2026 09:04
ff645c65-4f2c-4534-9ec6-7492cd84702a,naples.city,resell,,,high,low,6,,,,29/09/2026 07:39
93a9b73c-1fe5-45e1-9249-e7b1528f0844,educating.city,available,7.25,28.49,medium,low,9,namesilo,,,02/10/2026 12:15
de3baa0a-27ac-4dd2-b0a1-b28321e342d9,aborted.city,available,7.25,28.49,medium,low,7,namesilo,,,01/10/2026 12:58
da68d118-4e30-4bea-aed8-1ac84443464a,cephalopod.city,available,5.98,37.98,medium,low,10,namecheap,,,12/08/2026 00:21
18cab516-5a5a-4c3c-ad45-aeeef9b4745c,narrows.city,available,22.2,22.2,medium,low,7,cloudflare,,,30/09/2026 21:54
1eed2ac2-bf51-4be2-817e-1e1840e43f02,phycology.city,available,7.25,28.49,medium,low,9,namesilo,,,18/09/2026 07:09
b312d05b-9000-46e9-ac4c-e09a1bad68cc,nikos.city,available,7.25,28.49,medium,low,5,namesilo,,,03/10/2026 04:35
a3059df6-8ba6-48c4-b2f5-8d1d77e18873,upton.city,available,7.25,28.49,medium,low,5,namesilo,,,27/09/2026 11:29
fdd14c50-4a5d-480a-a05b-faefd61dcd36,ascesis.city,available,5.98,37.98,medium,low,7,namecheap,,,20/09/2026 13:10
df6dadd7-8d9a-4c6e-b448-98ae1ebc8f41,arenaria.city,available,5.98,37.98,medium,low,8,namecheap,,,20/09/2026 03:39
f19e8b6f-752e-42b9-9d34-1715f78e85ad,abridger.city,available,7.25,28.49,medium,low,8,namesilo,,,16/09/2026 14:35
2915393a-d232-425d-9038-a2bdc5ff6f45,antipodal.city,available,5.98,37.98,medium,low,9,namecheap,,,
6b35dc8f-372a-496e-84c3-5382ef46bb64,noc.city,premium,,,high,low,3,,,,01/10/2026 03:06
5f2b2be8-47a5-4f2b-b949-8e48d48f9846,seasonable.city,available,5.98,37.98,medium,low,10,namecheap,,,10/09/2026 00:56
33b4a4fb-92e4-4cd4-a783-e93f97c5e448,xanthous.city,available,5.98,37.98,medium,low,8,namecheap,,,13/09/2026 14:00
a8dfe0d3-bf9e-4e73-95a7-1342bc9307de,ravioli.city,available,7.25,28.49,high,low,7,namesilo,,,24/09/2026 12:37
9f8c4cb8-9702-4f8f-b4c3-0c0a911fb00c,targeting.city,available,5.38,22.97,medium,low,9,spaceship,,,29/09/2026 03:22
c062f90f-ed82-4c90-8329-6e07f6ebbe53,cowardly.city,available,5.98,37.98,medium,low,8,namecheap,,,13/08/2026 04:07
8f39c16a-6860-44c0-b218-4a399fcbca7e,hip.city,premium,1950,3900,high,low,3,namecheap,,,21/08/2026 06:45
0fadc7ec-941f-4a4c-b421-42bdc13a39a7,nui.city,premium,17.28,34.36,high,low,3,spaceship,,,01/10/2026 23:21
b4410cc9-e416-49e5-9e5c-45b85c970d17,dream.city,resell,,,high,medium,5,"Global Domains International, Inc. DBA DomainCostClub.com",05/08/2015 16:00,05/08/2028 16:00,28/09/2026 20:52
8ff5e31c-a63b-41ff-8626-ec419a4bfb03,nominal.city,available,5.98,37.98,high,low,7,namecheap,,,03/09/2026 18:17
078e78ec-5213-4640-a8cd-a8256ff070e8,desserts.city,available,4.5,23.76,medium,low,8,dynadot,,,02/10/2026 13:27
e3cbe9c4-6679-49bd-896f-d9a098148f1c,grimly.city,available,5.98,37.98,medium,low,6,namecheap,,,14/09/2026 22:25
f53317db-9d49-4b38-9d64-fd426b58084f,suspension.city,available,5.98,37.98,high,low,10,namecheap,,,28/09/2026 16:59
24f5b5b8-ab74-417c-a40b-31c2142415b6,tilden.city,available,7.25,28.49,medium,low,6,namesilo,,,23/09/2026 14:08
40b03bc2-0d81-44cc-9c21-d6d825583ecc,linguistics.city,available,5.98,37.98,high,low,11,namecheap,,,30/09/2026 14:08
b13b1121-5c4c-4832-a8f2-6c7023099b18,romani.city,available,5.98,37.98,high,low,6,namecheap,,,10/08/2026 17:29
4a9682b4-1714-4cbc-b55d-bc577215b30a,mines.city,available,5.38,22.97,medium,low,5,spaceship,,,28/09/2026 13:08
d100a16d-5ec8-46b7-b0f2-8150df3aa691,surging.city,available,5.98,37.98,high,low,7,namecheap,,,09/08/2026 21:44
acf8da78-6c2f-42fc-8d8c-da0d5c91bdb4,coloured.city,available,5.98,37.98,high,low,8,namecheap,,,22/09/2026 20:29
d3a54ec8-1165-4c21-b012-d6d27f4af0ee,billy.city,available,5.98,37.98,high,low,5,namecheap,,,23/09/2026 16:44
d381ff06-c6a1-4b30-8113-9fba583be0a2,alston.city,available,4.5,23.76,medium,low,6,dynadot,,,29/09/2026 15:32
bd15c19d-a9cf-47a6-ac0e-e100e74d860e,thoreau.city,available,7,,high,low,7,unstoppable,,,29/09/2026 13:02
0934b00c-60aa-4d4f-9428-220bf784787b,montmartre.city,available,5.38,22.97,high,low,10,spaceship,,,02/10/2026 05:47
7b5389aa-4cf3-4957-a55f-22f180e36c03,assyria.city,available,7.25,28.49,medium,low,7,namesilo,,,20/09/2026 16:47
464b45f0-b656-4245-81d4-b3dc12f94fe1,arbitrator.city,available,7.25,28.49,medium,low,10,namesilo,,,20/09/2026 00:44
352374ad-e78d-435c-8f4a-2389a2b8e4ac,bartlett.city,available,7.25,28.49,high,low,8,namesilo,,,22/09/2026 09:19
dfee03e9-904d-4cfe-9393-36f13248a175,gras.city,available,22.2,22.2,medium,low,4,cloudflare,,,01/10/2026 16:24
564d0e21-053b-4a37-8eb2-22be0c109c6c,hammered.city,available,5.98,37.98,medium,low,8,namecheap,,,20/08/2026 22:59
5d01de50-085e-4f2e-937c-a4659006209a,transposed.city,available,5.98,37.98,medium,low,10,namecheap,,,11/09/2026 18:59
cc73e63b-23dd-4376-9c6e-6a9fe5126bc9,ankylosaur.city,available,7.25,28.49,medium,low,10,namesilo,,,19/09/2026 09:52
c3fa0b14-2be9-4c2f-8fbd-fc2bb90a0498,unfree.city,available,5.98,37.98,medium,low,6,namecheap,,,12/09/2026 10:43
47506774-8d55-4add-8119-1e58fb1506a1,parrot.city,available,5.98,37.98,high,low,6,namecheap,,,28/09/2026 15:02
2c3c1944-835b-42aa-a215-60cd6ae4e25c,pennsylvania.city,premium,23.6,23.6,high,low,12,namesilo,,,28/09/2026 11:48
c4097933-96a6-4cda-836d-25512265446b,harden.city,available,5.38,22.97,medium,low,6,spaceship,,,02/10/2026 06:44
cc71f772-7aec-44db-8a43-8248b46d6a8a,storeroom.city,available,7.25,28.49,high,low,9,namesilo,,,03/10/2026 02:11
2ac76625-4507-4945-b8a8-0674acce72e3,madan.city,available,5.38,22.97,high,low,5,spaceship,,,02/10/2026 20:33
c20165e1-cd47-43fe-93e3-e040cdf2bd48,explicable.city,available,5.98,37.98,medium,low,10,namecheap,,,17/08/2026 18:23
dca3106b-bd57-495d-ac38-f48154717ef5,ama.city,premium,20.5,,high,low,3,unstoppable,,,01/10/2026 05:09
21881b41-c0e3-4689-9441-e7714ab0cc9b,diamonds.city,premium,207.2,414.2,high,low,8,spaceship,,,03/10/2026 03:39
3d918383-3e3f-449a-92da-e53822429aa7,spurting.city,available,5.98,37.98,medium,low,8,namecheap,,,22/08/2026 13:13
4761f5e8-1758-4c43-9296-3d041e1f21da,aciculate.city,available,5.98,37.98,medium,low,9,namecheap,,,
2e6aae96-6797-421a-90cf-9d49e03f1ed0,helene.city,available,4.5,23.76,medium,low,6,dynadot,,,28/09/2026 12:07
e7ca53d9-4ae1-472d-9fe3-c888fa2096b3,backflow.city,available,7.25,28.49,high,low,8,namesilo,,,21/09/2026 15:32
48339de8-84fb-49ef-98ad-eed9f6651bff,graze.city,available,7.25,28.49,high,low,5,namesilo,,,02/10/2026 05:06
f76f98b0-44a6-412c-8f00-89ea0dfb820a,akhenaten.city,available,5.98,37.98,medium,low,9,namecheap,,,17/09/2026 23:57
472fbc36-586c-4b0f-9a20-c29b47895b5b,judith.city,available,7,,high,low,6,unstoppable,,,28/09/2026 05:18
0d5f8627-6ff2-4fc3-a6c3-3e08256469a8,attempt.city,available,5.38,22.97,high,low,7,spaceship,,,28/09/2026 23:03
9a398224-b65c-4b72-b3b2-b09601db1d6a,dollar.city,resell,,,high,low,6,"Spaceship, Inc.",17/02/2017 19:18,17/02/2027 19:18,29/09/2026 16:27
b13ec003-0816-47e7-b463-18c8979f4120,pusher.city,available,7.25,28.49,high,low,6,namesilo,,,21/09/2026 13:22
a27fc8b5-04d8-45d3-be6e-63fdec195dfe,dominated.city,available,5.98,37.98,medium,low,9,namecheap,,,24/09/2026 11:35
86ab0d6b-cae3-40ce-9306-9e5aff7d6d0b,hussain.city,available,5.38,22.97,medium,low,7,spaceship,,,29/09/2026 09:29
8b3095c9-e88f-4202-bb0e-6635af8c2806,mecca.city,resell,,,high,low,5,"Spaceship, Inc.",13/03/2017 00:46,13/03/2027 00:46,30/09/2026 04:13
da5ec163-7c29-4fa0-af4e-05a2d3e016d3,sterile.city,available,7.25,28.49,high,low,7,namesilo,,,22/09/2026 09:35
14fcbe3e-4183-4673-b286-04dbea8c7d45,humor.city,available,7.25,28.49,high,low,5,namesilo,,,24/09/2026 06:28
78875863-c890-4f3f-9ef1-1dc78a0095c4,thence.city,available,5.98,37.98,medium,low,6,namecheap,,,15/09/2026 00:13
cf41e51f-876f-4cbc-a0ec-9710448433ba,restraint.city,available,22.2,22.2,medium,low,9,cloudflare,,,28/09/2026 18:42
717b1f15-1aa9-4aef-92f8-79b8cbbb53e7,shortcut.city,available,5.38,22.97,medium,low,8,spaceship,,,02/10/2026 21:28
1c7071e8-c7e9-43d5-a8e2-bcf1ee132145,exaggerate.city,available,4.5,23.76,high,low,10,dynadot,,,30/09/2026 19:19
fddc8723-3cc2-45b2-8193-d605c93ceed4,uniformly.city,available,7.25,28.49,medium,low,9,namesilo,,,16/09/2026 10:05
6cf76dd7-5f1f-4165-98e2-07a1510e8ae2,icons.city,premium,23.1,46.2,high,low,5,namecheap,,,
810cfa8b-e3be-4363-9310-799122800a33,glaucous.city,available,5.98,37.98,medium,low,8,namecheap,,,20/08/2026 14:16
58fc413e-6d15-447e-8381-c5f6325d4643,plated.city,available,7.25,28.49,high,low,6,namesilo,,,17/09/2026 05:15
57ac6de3-548d-4465-a0a4-f6ae9795713d,froze.city,available,7.99,,medium,low,5,name.com,,,
c1971619-ad5b-499d-a142-b3dca991e12b,sequester.city,available,5.98,37.98,medium,low,9,namecheap,,,12/08/2026 21:06
58842a2d-1dfc-48fc-b3c4-e5fd4e742cf4,somebody.city,available,7.25,28.49,high,low,8,namesilo,,,25/09/2026 17:05
aefb5c45-30ee-415f-baeb-ca3da2332561,stole.city,available,5.98,37.98,high,low,5,namecheap,,,27/09/2026 05:29
ea6895c2-4a2e-43b6-836b-2ed624d101ac,prodigious.city,available,5.98,37.98,medium,low,10,namecheap,,,12/08/2026 17:58
90b3cdfb-aee5-4ab0-b19e-4008cbcf64f6,project.city,resell,,,high,medium,7,"DNSPod, Inc.",10/05/2024 15:15,10/05/2027 15:15,01/10/2026 17:40
b239e9ad-54cf-4cc0-a601-50e68cecd64d,autarchy.city,available,7.25,28.49,medium,low,8,namesilo,,,21/09/2026 05:05
d7318e39-e5ee-4b70-816a-93b489edf445,paid.city,available,5.98,37.98,high,low,4,namecheap,,,18/08/2026 19:32
fb4a9bea-da33-450a-bba5-dd6f2bae8f4c,lucullan.city,available,5.98,37.98,medium,low,8,namecheap,,,24/08/2026 11:00
32a035c2-aa22-4f70-b165-f7e54ea1c269,auricle.city,available,7.25,28.49,medium,low,7,namesilo,,,21/09/2026 00:43
06938ffe-f0c5-4663-9f47-4da8513e69d5,politicians.city,available,5.98,37.98,medium,low,11,namecheap,,,19/09/2026 23:03
c7dbddbd-4b6f-46b4-b69d-898282b4695e,amhara.city,available,5.98,37.98,high,low,6,namecheap,,,18/09/2026 21:12
ad709c1a-3987-4e70-a34a-20b3e0c62f1d,aberrance.city,available,7.25,28.49,medium,low,9,namesilo,,,16/09/2026 15:12
2748d340-437d-4156-a2da-ab5866ba7ecd,unlawful.city,available,5.98,37.98,medium,low,8,namecheap,,,21/08/2026 19:54
039aea17-24b6-4cf2-b291-e7ba57ef5fab,overeasy.city,available,7.99,41.99,medium,low,9,name.com,,,16/09/2026 17:44
043ad8f8-a662-4ae9-be47-a6b835a3a2e7,daydream.city,available,7.25,28.49,high,low,8,namesilo,,,17/09/2026 22:00
01c09f65-9538-42fe-a139-171343c6b3fe,swimmer.city,available,7.25,28.49,high,low,7,namesilo,,,22/09/2026 13:29
2e80f1bf-a441-4093-a08e-4e58aed11dd5,printers.city,available,7.25,28.49,medium,low,8,namesilo,,,21/09/2026 00:30
430f526d-67d4-4978-a76a-bbdff90d2dae,deposits.city,available,5.38,22.97,medium,low,8,spaceship,,,02/10/2026 22:30
8e8ea99c-bc5a-409b-8608-4bc5dd836ffc,kaye.city,available,5.38,22.97,high,low,4,spaceship,,,28/09/2026 04:47
713b41b9-1b3a-438e-aaf1-2494499fcd6c,riskless.city,available,5.98,37.98,medium,low,8,namecheap,,,09/09/2026 17:59
be449468-fb1d-4322-ad13-e1c11d78c654,unwelcome.city,available,5.98,37.98,medium,low,9,namecheap,,,12/09/2026 22:38
0c27ec70-7774-4c7a-9f4c-dcaaae0efeba,chemist.city,available,7.25,28.49,high,low,7,namesilo,,,19/09/2026 19:39
c8506e21-b0b5-42a9-8c89-becb6ed617e9,unexampled.city,available,5.98,37.98,medium,low,10,namecheap,,,12/09/2026 09:24
8ed00e99-9ddc-4271-8f85-184584c424d9,responds.city,available,7.25,28.49,medium,low,8,namesilo,,,20/09/2026 08:24
aa197282-6047-4535-bb03-006045e5f776,smithsonian.city,available,7.25,28.49,high,low,11,namesilo,,,25/09/2026 12:40
4ac6d2f1-d560-49e4-bfa1-303027f4a987,giggling.city,available,22.2,22.2,high,low,8,cloudflare,,,03/10/2026 03:06
b6040f5a-8c91-4525-9039-c682979fa519,sweatshop.city,available,7.99,,medium,low,10,name.com,,,
6a446675-d2c4-4f07-a316-cd9e21082079,northridge.city,available,5.38,22.97,high,low,10,spaceship,,,30/09/2026 14:03
ca62274d-b783-4918-a650-78774c0207dd,paying.city,available,7.25,28.49,high,low,6,namesilo,,,24/09/2026 22:11
b65f2340-0c99-4574-9e30-a785f25d08b5,gravel.city,available,7.25,28.49,high,low,6,namesilo,,,21/09/2026 17:36
f657866d-c7ed-4fb7-807e-13d62de9325b,thinner.city,available,5.38,22.97,high,low,7,spaceship,,,29/09/2026 06:40
7e6550be-058e-4414-b317-683d1aa05104,resultant.city,available,5.98,37.98,high,low,9,namecheap,,,
f385d91e-9be1-4aa1-9947-95da20cbae88,gabriela.city,available,22.2,22.2,medium,low,8,cloudflare,,,01/10/2026 08:51
e71ada6d-521d-4aaa-9deb-1d9716eb1d68,springy.city,available,5.98,37.98,high,low,7,namecheap,,,10/08/2026 21:49
adea5126-44aa-4a3f-92c7-5827b5dc7539,offensive.city,available,5.98,37.98,high,low,9,namecheap,,,14/08/2026 22:05
a668ac74-7466-4f1d-8ecf-4ebedb13791c,dss.city,premium,21.45,42.9,high,medium,3,namecheap,,,30/09/2026 13:05
a850217b-25a8-4882-95be-4e927f386565,almagrib.city,available,5.98,37.98,medium,low,9,namecheap,,,24/08/2026 16:25
59f4086c-8d51-4c93-a30f-a42c4de59065,estado.city,available,5.38,22.97,high,low,6,spaceship,,,01/10/2026 00:20
e32f1f94-5663-4090-97b9-572e64f3948c,wobbling.city,available,5.98,37.98,medium,low,8,namecheap,,,13/09/2026 12:52
62a9dd64-24cf-4a9f-b1f4-6ef910124864,earthworks.city,available,5.38,22.97,medium,low,10,spaceship,,,29/09/2026 17:50
a059e3f4-c3c8-499b-a943-ab5ae1cb4a12,intrusion.city,available,5.38,22.97,medium,low,9,spaceship,,,29/09/2026 00:48
0863c0c8-8229-4e0f-a306-59855bbec24f,quechua.city,available,5.98,37.98,high,low,7,namecheap,,,22/08/2026 15:21
b1620975-8372-4f3d-b9b1-cfbe22b3053d,prevented.city,available,7,,medium,low,9,unstoppable,,,29/09/2026 10:45
173fbd90-0dcf-4e7b-bbb2-6e394d0bd46e,juristic.city,available,5.98,37.98,medium,low,8,namecheap,,,22/08/2026 14:37
f4f41c10-1879-40d4-ae03-df900ac800a2,recipe.city,available,22.2,22.2,high,low,6,cloudflare,,,30/09/2026 09:18
696efde5-76cc-475e-9e93-951aad3d2bd1,funded.city,available,5.98,37.98,high,low,6,namecheap,,,18/08/2026 18:23
f4887bc0-1d42-4a37-9f30-4ba9c3ee5b08,ocellated.city,available,5.98,37.98,medium,low,9,namecheap,,,04/09/2026 00:29
e9f10731-daa3-4b3d-8906-69609ba73935,doxepin.city,available,7.25,28.49,medium,low,7,namesilo,,,17/09/2026 06:25
d974da41-c9c2-417c-935d-0f3d0ed58d1e,kankakee.city,available,5.38,22.97,high,low,8,spaceship,,,30/09/2026 22:09
8add93e4-c8db-498a-aea4-e4fc68ebab2f,necessity.city,available,7.25,28.49,high,low,9,namesilo,,,24/09/2026 15:20
26193e73-3c72-4fdd-8e3d-0864ad27e72e,story.city,resell,,,high,medium,5,"DNSPod, Inc.",25/12/2023 15:15,25/12/2026 15:15,26/09/2026 09:20
e1e24c5e-2b7e-4cf9-86c3-c2351b400e13,ruffled.city,available,5.98,37.98,medium,low,7,namecheap,,,18/08/2026 15:53
3caf962f-f8c6-4c7c-b55f-b9e1c33fbedd,partake.city,available,5.98,37.98,high,low,7,namecheap,,,30/09/2026 11:28
9e1053c3-69e8-4935-8b37-3c5e663e07d5,bargello.city,available,7.25,28.49,medium,low,8,namesilo,,,22/09/2026 05:48
1811602a-9d59-4a53-9aa6-b7ae2a2e58e2,unger.city,available,22.2,22.2,medium,low,5,cloudflare,,,30/09/2026 05:25
63e8dcc4-4676-4846-8911-90b115d4c605,dorm.city,premium,512,512,high,low,4,namesilo,,,24/09/2026 23:35
f5bcafd2-165e-4d0d-983e-195d244be9c9,possessions.city,available,7.25,28.49,low,low,11,namesilo,,,28/09/2026 17:10
7c770b10-b653-4643-a38b-a15a40b29813,midsummer.city,available,22.2,22.2,high,low,9,cloudflare,,,01/10/2026 20:12
be8de6e1-19c7-4a73-bf5a-4efd65fe2288,aleksandr.city,available,7,,high,low,9,unstoppable,,,28/09/2026 08:00
928c9ab3-eed6-4544-aaca-de77c8e40702,catfish.city,available,7.25,28.49,high,low,7,namesilo,,,29/09/2026 00:23
17584aff-efde-4dcd-87df-709e3893e2a5,aunt.city,available,5.38,22.97,high,low,4,spaceship,,,28/09/2026 23:17
4b5cdb7a-c611-48cf-8290-c902da08f223,crumbly.city,available,5.98,37.98,medium,low,7,namecheap,,,13/08/2026 09:02
9893de05-6eb2-40a1-a072-6a52833e7381,adding.city,available,22.2,22.2,high,low,6,cloudflare,,,01/10/2026 19:40
e7ea5438-73a1-4873-8fb3-4f41c1e2aa35,faked.city,available,7.25,28.49,low,low,5,namesilo,,,02/10/2026 02:18
a62c2c57-141d-4b6f-ad41-f386ec54b359,vague.city,available,5.98,37.98,high,low,5,namecheap,,,25/09/2026 23:34
beee5299-d9d8-4850-ac3e-70c1059b66ef,consultancy.city,available,5.38,22.97,high,low,11,spaceship,,,02/10/2026 21:46
1733541b-a204-4599-8374-26ae32c64177,knowingly.city,available,5.98,37.98,medium,low,9,namecheap,,,15/09/2026 10:35
b4e044d9-163f-42a2-bb6e-1be95a9e0344,cnr.city,premium,18.3,36.55,high,low,3,porkbun,,,02/10/2026 18:55
0dedf94b-693d-47b7-8cf0-1c0125484432,uncool.city,available,5.98,37.98,medium,low,6,namecheap,,,12/09/2026 06:11
607357bd-da1c-4050-aeb3-e8269d133f6e,ballinger.city,available,5.38,22.97,high,low,9,spaceship,,,02/10/2026 08:10
7b19d7d9-2bfb-4a48-8198-b9094e6680e3,mont.city,available,7,,medium,low,4,unstoppable,,,30/09/2026 19:51
1612d9f4-908f-46b4-a050-e90f8b38ff8e,rubus.city,available,5.38,22.97,high,low,5,spaceship,,,02/10/2026 05:02
af4bef2f-4f0e-4d72-92f9-bf1b52cff873,famine.city,available,22.2,22.2,medium,low,6,cloudflare,,,29/09/2026 12:01
e52d78e5-b36e-467b-a5ec-ea7d1f8671e3,gloam.city,available,5.98,37.98,medium,low,5,namecheap,,,11/09/2026 21:43
ab562aa9-0ad5-471c-ade3-8e8f89d77d85,hydrate.city,available,7.25,28.49,high,low,7,namesilo,,,03/10/2026 01:15
3b074b56-1b15-490b-b7f5-1d59319d2919,normative.city,available,5.98,37.98,medium,low,9,namecheap,,,03/09/2026 21:19
df62dbf5-da44-4235-a92e-4331c7be83a7,herbst.city,available,4.5,23.76,medium,low,6,dynadot,,,02/10/2026 21:38
9617f661-38d1-46c1-ab9c-1e204ce87fa6,cel.city,premium,34.36,68.51,high,low,3,spaceship,,,02/10/2026 07:18
7c256a72-e8db-4309-bb79-feba5fd7da64,variation.city,available,5.98,37.98,high,low,9,namecheap,,,03/09/2026 11:43
a1091202-86cb-4baf-99fc-dbed9d82704e,spook.city,available,22.2,22.2,high,low,5,cloudflare,,,03/10/2026 00:19
66f1f4c0-d29f-43d1-8f7a-22ac35db15a4,frankford.city,available,7,,medium,low,9,unstoppable,,,01/10/2026 23:38
05547834-e075-467a-b9d4-16a7f5494c1b,calamus.city,available,7.25,28.49,medium,low,7,namesilo,,,17/09/2026 02:27
ad4a9944-294c-49d5-9410-7d44acc01c7d,columnar.city,available,5.98,37.98,medium,low,8,namecheap,,,12/08/2026 18:14
f496cefd-fec9-4e42-b8f4-d3ce71d98f67,microscope.city,available,7,,high,low,10,unstoppable,,,28/09/2026 19:53
ccdfb92a-c954-4af5-a04c-40a61277e37a,mediaeval.city,available,5.98,37.98,medium,low,9,namecheap,,,24/08/2026 18:49
000d82e8-0b4c-4163-abaf-81b54c30c3a1,filipino.city,resell,,,high,low,8,"GoDaddy.com, LLC",16/09/2018 01:03,16/09/2027 01:03,26/09/2026 06:04
baa897fd-db5a-41a2-be69-e7bd8653c249,originality.city,available,7.25,28.49,high,low,11,namesilo,,,30/09/2026 14:27
cc6ceadf-f251-4ce6-8095-ad40228fb178,barbeque.city,available,7,,high,low,8,unstoppable,,,29/09/2026 01:07
58cdc4c2-0a63-47df-b5ae-2c408c5178e4,bilgy.city,available,5.98,37.98,medium,low,5,namecheap,,,09/08/2026 21:16
1845a152-a7f0-498e-85d8-f76bddaf2f59,anunnaki.city,available,7.25,28.49,medium,low,8,namesilo,,,19/09/2026 15:51
a92edffb-3920-4856-8f48-faa45aae4d37,dimorphic.city,available,5.98,37.98,medium,low,9,namecheap,,,14/08/2026 08:09
2a17dde4-62a6-4185-a8a5-9499b805285f,mistakes.city,available,7.25,28.49,medium,low,8,namesilo,,,16/09/2026 10:20
09d2b952-d1b6-4421-a60f-52615bd4272d,pdp.city,premium,36.32,72.57,high,low,3,porkbun,,,28/09/2026 21:36
b379c5c2-3691-4749-9439-6f841ad6b1c4,markovian.city,available,5.98,37.98,medium,low,9,namecheap,,,24/08/2026 16:06
84ccaee0-c8fe-4f9c-a15b-881f2e36e576,hal.city,premium,23.6,23.6,high,low,3,namesilo,,,25/09/2026 12:39
203dc0b9-a6cc-4d4d-b9b9-3f04adeff0d0,downs.city,available,7.25,28.49,medium,low,5,namesilo,,,29/09/2026 09:11
a8a13f75-938e-414d-be71-1c895ae2744b,directed.city,available,7.25,28.49,high,low,8,namesilo,,,24/09/2026 10:49
570e761c-381b-4c85-b1cb-e3c78a7dc37b,benthos.city,available,7.25,28.49,medium,low,7,namesilo,,,23/09/2026 08:45
8e78195f-27e8-4c94-9029-5c2ac135ea7a,perceptions.city,available,5.38,22.97,medium,low,11,spaceship,,,02/10/2026 03:23
a0f07ba7-eb12-4653-ba1a-c6434c3e56f3,strenuous.city,available,5.98,37.98,medium,low,9,namecheap,,,10/09/2026 21:45
0097bf6b-0409-4294-aaf4-0635c996e47b,armoured.city,available,5.98,37.98,medium,low,8,namecheap,,,06/08/2026 20:10
7fca9e1b-efe2-4a2b-82d3-cc6d850dce92,engagements.city,available,7,,medium,low,11,unstoppable,,,30/09/2026 07:14
2fefb12f-e8bc-45fc-ac3f-7c860956f3b6,trombone.city,available,5.38,22.97,high,low,8,spaceship,,,01/10/2026 22:00
2444726b-3de1-4790-8d33-5ffe43dabcea,unforeseen.city,available,5.98,37.98,high,low,10,namecheap,,,04/09/2026 18:50
65748099-6374-4cab-9242-dffbfc4d236a,plumy.city,available,5.98,37.98,medium,low,5,namecheap,,,18/08/2026 00:25
03860935-d777-4c3e-8e1d-5d42cb1ec105,television.city,available,7.25,28.49,high,low,10,namesilo,,,01/10/2026 08:09
b926689e-f348-435b-96bd-989608541292,laptops.city,available,7.25,28.49,medium,low,7,namesilo,,,20/09/2026 12:33
482f8644-38d7-43f1-ba26-8e5d7274ab7e,allopathic.city,available,5.98,37.98,medium,low,10,namecheap,,,
8be34977-0bc1-4fa8-a3ff-94ec74062536,bilby.city,available,7.25,28.49,medium,low,5,namesilo,,,23/09/2026 15:40
f8d04183-e7d7-4e67-a879-66d30d37e6c0,airy.city,available,5.98,37.98,high,low,4,namecheap,,,
8812f0f4-0963-45f7-b019-6f82b3d698d6,boil.city,available,5.38,22.97,medium,low,4,spaceship,,,29/09/2026 00:13
edf29431-0a4d-40ab-a605-e430fdbc0862,confederacy.city,available,5.38,22.97,medium,low,11,spaceship,,,01/10/2026 22:53
1f6213f3-1371-438d-84a2-2099fd5560f1,conspiracy.city,resell,,,high,low,10,"GoDaddy.com, LLC",04/11/2019 03:22,04/11/2027 03:22,29/09/2026 11:13
be4844ff-7c8f-4839-9ca8-5be767b477b1,rowland.city,available,7.25,28.49,high,low,7,namesilo,,,25/09/2026 15:13
af7e7f20-a4b3-4111-8189-0c93cc643a55,leaders.city,available,5.38,22.97,high,low,7,spaceship,,,30/09/2026 02:31
bc95f46e-4c82-4629-ad95-b811a3716124,hedley.city,available,7.25,28.49,medium,low,6,namesilo,,,03/10/2026 05:45
34ab7942-fa74-4a5d-be38-6d1a9af7565f,hourly.city,available,7.25,28.49,high,low,6,namesilo,,,25/09/2026 00:10
18d050d5-2195-4e72-b240-d27f8558a4fe,wino.city,available,5.98,37.98,medium,low,4,namecheap,,,14/08/2026 20:26
7032dbf8-ae9b-4604-be40-6d52c666cc2e,bart.city,available,5.98,37.98,high,low,4,namecheap,,,22/09/2026 07:32
39b97aa0-440b-4df7-9fa3-25e0e280be22,laine.city,available,7.25,28.49,high,low,5,namesilo,,,02/10/2026 07:00
d66f4d1c-2fa9-43b1-812b-e3881f7a5589,net.city,resell,,,high,medium,3,Dynadot Inc,04/08/2015 21:14,04/08/2027 21:14,26/09/2026 07:45
37557e9c-6d65-42b1-ad7d-0d79ca2639ce,heterodox.city,available,5.98,37.98,medium,low,9,namecheap,,,14/08/2026 12:37
2095dd9c-0211-44e6-b7c0-8848f5b4481c,biotitic.city,available,5.98,37.98,medium,low,8,namecheap,,,10/08/2026 03:33
f54f3d8c-7091-4835-a693-d03a9aa0164b,emotions.city,available,5.98,37.98,medium,low,8,namecheap,,,27/09/2026 02:04
200c75a1-9bd5-4186-8c45-ac89da1b5667,rumored.city,available,7.25,28.49,high,low,7,namesilo,,,01/10/2026 06:08
918f0bc0-b8ac-4f9f-9009-e6f5da6e40c9,basseterre.city,available,5.98,37.98,medium,low,10,namecheap,,,22/09/2026 12:18
d414715d-62a6-42b6-af92-ee4463d6dd56,handing.city,available,7.25,28.49,medium,low,7,namesilo,,,28/09/2026 11:31
4ddaade2-70c1-4c2d-a63a-f9b1a4948173,pickaback.city,available,5.98,37.98,medium,low,9,namecheap,,,15/09/2026 19:48
9749a2b2-3aef-4527-bc6f-c5cfd96a1ac3,marriages.city,available,22.2,22.2,medium,low,9,cloudflare,,,28/09/2026 18:09
944c1d48-074d-46e7-b494-0fd375bd160e,confucius.city,available,7.25,28.49,high,low,9,namesilo,,,24/09/2026 17:15
db83e407-aeed-41ac-bfb0-4eecda28aba9,diversely.city,available,5.98,37.98,high,low,9,namecheap,,,14/09/2026 13:25
def4072f-7b48-4f12-b797-a5c9a01e5680,threescore.city,available,5.98,37.98,medium,low,10,namecheap,,,
047c313d-c060-48d7-8865-beb96243f8a2,impacts.city,available,7.25,28.49,medium,low,7,namesilo,,,02/10/2026 23:01
8eba45f3-bb16-40c7-bc34-d2ad269f6525,experienced.city,available,7.25,28.49,high,low,11,namesilo,,,01/10/2026 06:08
4d323cc0-0826-410c-9ce4-2f6f995fe260,thoughtful.city,available,5.98,37.98,high,low,10,namecheap,,,21/08/2026 05:59
185a97b1-6f92-4e52-9244-1ed788beaca1,ignatius.city,available,4.5,23.76,medium,low,8,dynadot,,,27/09/2026 14:14
8d94f9d4-7fa8-4c85-a380-5d5934bb0b9c,eudaemonic.city,available,5.98,37.98,medium,low,10,namecheap,,,17/08/2026 14:10
d7f0fcc2-b7e9-4dab-94a8-ec66dd2d2347,drinker.city,available,5.38,22.97,high,low,7,spaceship,,,01/10/2026 01:48
10a47e5b-c750-4e69-99a2-bcc9f767861e,velasquez.city,available,7.25,28.49,medium,low,9,namesilo,,,01/10/2026 11:23
f22de989-7650-41ef-85d3-26835e726f4f,troupe.city,available,5.98,37.98,high,low,6,namecheap,,,02/10/2026 06:34
e1876679-8863-433b-addf-83a66131aa9b,hummingbird.city,available,7.25,28.49,high,low,11,namesilo,,,02/10/2026 07:10
a928d175-78be-4d50-bb6b-b8aec51f8248,queens.city,resell,,,high,low,6,"Go Montenegro Domains, LLC",05/10/2014 16:00,05/10/2027 16:00,30/09/2026 09:00
cd59599a-055b-4daf-95a2-96cdc1f243e4,striped.city,available,5.98,37.98,high,low,7,namecheap,,,10/09/2026 22:44
8fcd7963-7f75-45c9-9bc4-f8ddf1445c73,authoritative.city,available,7.25,28.49,medium,low,13,namesilo,,,03/10/2026 02:46
caa10243-a303-44cf-ab8a-39d892c9c983,newton.city,premium,440,440,high,low,6,dynadot,,,30/09/2026 00:24
860bb587-bf6e-4417-8f99-0141db42f909,classics.city,available,4.63,23.17,high,low,8,porkbun,,,28/09/2026 13:44
d4c4ab8d-8053-468e-ac2b-71559140baa5,welcomed.city,available,5.38,22.97,high,low,8,spaceship,,,29/09/2026 08:42
3f3cbdc5-259e-4378-a58d-fc8659318842,inanimate.city,available,5.98,37.98,medium,low,9,namecheap,,,22/08/2026 00:17
3f415afa-9baf-43c3-9de8-c36a0bcf7606,masquerade.city,available,7,,high,low,10,unstoppable,,,30/09/2026 17:17
3767c942-3132-40bc-bd6b-ca11ab575859,acyclic.city,available,5.98,37.98,medium,low,7,namecheap,,,
949813fa-9c32-43cc-ac90-b907fc9cbd2c,darren.city,available,22.2,22.2,high,low,6,cloudflare,,,28/09/2026 11:25
9b91f009-63c0-44d7-9b93-8b0cd1f4738e,rajput.city,available,4.63,23.17,high,low,6,porkbun,,,01/10/2026 03:24
e1d1f35b-5e85-4e38-9d92-afcbff7f024b,occasionally.city,available,7.25,28.49,medium,low,12,namesilo,,,27/09/2026 17:20
4ce3ea5a-7f7d-4c62-871c-dfd727363664,fatality.city,available,7.25,28.49,medium,low,8,namesilo,,,30/09/2026 01:36
911f9229-76b2-4c12-ad1f-cc94107741a8,concealed.city,available,5.98,37.98,high,low,9,namecheap,,,23/09/2026 18:33
7ba61966-44f3-4e94-99bd-18736552aaa0,wastebin.city,available,7.99,41.99,medium,low,8,name.com,,,20/09/2026 13:38
bb39c8cc-865a-436f-9dae-70cbb8fc1e7b,kicking.city,available,7,,high,low,7,unstoppable,,,30/09/2026 01:20
f48c4d3b-5d7c-41e8-b64a-4f231a358a0b,lvi.city,premium,42.9,85.8,medium,low,3,namecheap,,,
7d076f26-eeb3-4c32-945d-a5870350bf6d,experiments.city,available,5.38,22.97,medium,low,11,spaceship,,,28/09/2026 04:57
1e3be976-e314-423d-a0f4-5ec564ee57e9,pedantic.city,available,5.98,37.98,medium,low,8,namecheap,,,14/08/2026 15:55
6681caa8-a056-4125-9de3-76ae65fa1b23,lugubrious.city,available,5.98,37.98,medium,low,10,namecheap,,,24/08/2026 11:04
d1efe733-ea5d-49eb-a654-f968f06c300b,veins.city,available,5.38,22.97,medium,low,5,spaceship,,,28/09/2026 08:48
16ce99c3-aa3d-43fc-8c3c-f354703cae0a,liars.city,available,22.2,22.2,medium,low,5,cloudflare,,,01/10/2026 17:54
2ef4db04-99f5-4ebf-b2f5-8a7a977efc38,grayish.city,available,5.98,37.98,medium,low,7,namecheap,,,20/08/2026 18:56
97509cf3-0873-4804-9af5-492e48f6d0a4,greased.city,available,5.98,37.98,medium,low,7,namecheap,,,20/08/2026 19:33
b8d08e83-021a-49cf-93b0-2c9c7e31624d,badly.city,available,7.25,28.49,medium,low,5,namesilo,,,22/09/2026 16:07
99f216f4-8555-4cd9-8a9e-9bd0547e464e,plentiful.city,available,7.25,28.49,high,low,9,namesilo,,,27/09/2026 04:16
ddb6a3ee-e257-44e3-834a-3cf933eedbe0,oberlin.city,available,7.25,28.49,medium,low,7,namesilo,,,28/09/2026 04:20
d43cb89f-955f-4c9c-a3a2-fa90b13d1ef9,hebridean.city,available,5.98,37.98,medium,low,9,namecheap,,,21/08/2026 05:45
a6a0013b-d15c-4a0b-8e00-4fdd3de5a9b7,objectionable.city,available,22.2,22.2,medium,low,13,cloudflare,,,03/10/2026 02:45
2f6749f6-d168-476d-804d-2372a16b7b9b,skilful.city,available,7.99,41.99,high,low,7,name.com,,,21/09/2026 17:29
f2cdd260-a877-41d4-a56e-62933e59c3b5,aborigine.city,available,5.98,37.98,high,low,9,namecheap,,,
e8917f08-1fcf-4aab-a21d-97fdcc4b1008,fatuous.city,available,5.98,37.98,low,low,7,namecheap,,,07/08/2026 02:39
d8d96aa2-1960-4635-8aa9-459522a7ddc5,parve.city,available,5.98,37.98,medium,low,5,namecheap,,,08/09/2026 01:27
b984ee1a-ee66-497d-a022-246cfae854ee,fearlessly.city,available,5.98,37.98,medium,low,10,namecheap,,,14/09/2026 10:44
8e752b86-e95e-4c00-829a-2a10ab76fd93,conclusions.city,available,7,,medium,low,11,unstoppable,,,28/09/2026 08:35
8988b115-855c-4251-86c6-781abbe68c32,savagely.city,available,5.98,37.98,medium,low,8,namecheap,,,14/09/2026 01:43
1cc6647a-09bb-4436-8b83-d5a7642fb9c4,prenatal.city,available,7.25,28.49,high,low,8,namesilo,,,22/09/2026 05:55
0e430435-8d31-49cd-9ca4-94583ba04353,carts.city,available,7.25,28.49,medium,low,5,namesilo,,,30/09/2026 07:03
7114abe2-f9be-48f2-997e-68a7b59c7a7f,pointed.city,available,5.98,37.98,high,low,7,namecheap,,,08/09/2026 22:36
12f6404a-2af5-4fdd-a106-b8175c3216be,socratic.city,available,5.98,37.98,high,low,8,namecheap,,,10/09/2026 13:20
12d560eb-1352-419b-91ee-603d22401809,passaic.city,available,5.38,22.97,medium,low,7,spaceship,,,28/09/2026 16:45
62aa2467-12fb-474e-a8f3-e3fb2a618430,miner.city,resell,,,high,low,5,,,,29/09/2026 19:40
43c36e8d-f69d-4cbc-b48b-24ca5e82000f,powered.city,available,7.25,28.49,high,low,7,namesilo,,,27/09/2026 04:51
ccec668f-b44d-424e-892f-76721b784f80,precursors.city,available,7.25,28.49,medium,low,10,namesilo,,,21/09/2026 00:35
5f7a6a03-7cd0-4b6c-b2f6-1cf574cb79ce,inflowing.city,available,5.98,37.98,medium,low,9,namecheap,,,22/08/2026 04:34
717883d8-b7f1-4817-b871-0a14ca66d6fb,sacking.city,available,5.98,37.98,medium,low,7,namecheap,,,21/09/2026 18:04
1b9eb6ec-122e-460a-a434-6d6d22cb6580,mocked.city,available,7.25,28.49,medium,low,6,namesilo,,,02/10/2026 13:42
50183f36-0aaf-4a07-bba7-24c57386d4b9,turning.city,available,7.25,28.49,high,low,7,namesilo,,,26/09/2026 00:27
80c808b0-ce14-4d38-9023-d1eb7aa46766,holme.city,available,7.25,28.49,medium,low,5,namesilo,,,02/10/2026 07:11
3ea40de8-1cd2-4445-a312-b70a0da0a50b,umpteenth.city,available,5.98,37.98,medium,low,9,namecheap,,,11/09/2026 23:09
66471b47-d7d7-4686-bc1c-505b6a5f091b,norther.city,available,5.98,37.98,medium,low,7,namecheap,,,03/09/2026 21:34
4cf43695-6fa3-4fcb-ac87-f108c29f961b,counterpoint.city,available,7.25,28.49,high,low,12,namesilo,,,02/10/2026 17:43
8e494642-32e1-4a5e-b976-c8d693d80d05,enlarged.city,available,5.98,37.98,high,low,8,namecheap,,,22/09/2026 22:37
ff89f3b2-7e90-4d2d-9f56-322e0be865a6,priorities.city,available,22.2,22.2,medium,low,10,cloudflare,,,28/09/2026 17:39
fc991912-a9b5-4114-9bd7-02e871787df9,endermic.city,available,5.98,37.98,medium,low,8,namecheap,,,17/08/2026 00:56
04ced5e0-7789-468b-9972-d08431aa79f5,heather.city,available,5.38,22.97,high,low,7,spaceship,,,28/09/2026 05:22
cd946f68-9ad7-4a4d-886a-74ec0aa1f88c,roaring.city,available,5.98,37.98,high,low,7,namecheap,,,10/08/2026 19:21
6830e517-7e30-442d-b566-23ab7fb5b9bb,subacid.city,available,5.98,37.98,medium,low,7,namecheap,,,10/09/2026 23:22
a9302c9e-b0b3-45b6-b1fb-084c33057f3d,capture.city,resell,,,high,low,7,"Sav.com, LLC",08/06/2026 16:41,08/06/2027 16:41,26/09/2026 04:46
248ebbfe-cf37-46c1-9106-da92e9c81ebb,eolotropic.city,available,5.98,37.98,medium,low,10,namecheap,,,
8cb5bac4-2d38-4350-b24c-3ccd3dc31f88,lilian.city,available,7.25,28.49,medium,low,6,namesilo,,,29/09/2026 22:03
ddd68116-5b6e-4737-a8fd-6bc41b48e5cb,printmaking.city,available,22.2,22.2,high,low,11,cloudflare,,,30/09/2026 14:30
63c3b5e0-43de-4369-a98f-bef815bf31a7,wiper.city,available,7.25,28.49,high,low,5,namesilo,,,24/09/2026 17:39
7b965b07-0890-4715-b780-db151e80ca6a,unrealized.city,available,5.98,37.98,medium,low,10,namecheap,,,12/09/2026 11:00
37dca100-5e8f-4647-97a9-18b2597796bb,hearsay.city,available,5.98,37.98,high,low,7,namecheap,,,21/08/2026 02:04
42610439-12a4-4780-bc71-cbad6fcab3d9,psychiatrists.city,available,5.38,22.97,medium,low,13,spaceship,,,01/10/2026 00:58
362ceeda-e512-460f-880b-901c32b9230b,prison.city,resell,,,high,low,6,"DNSPod, Inc.",03/06/2022 13:15,03/06/2027 13:15,30/09/2026 07:26
a0c18a7b-3ebd-400c-9a02-d6ab38bd20fe,hastily.city,available,5.98,37.98,medium,low,7,namecheap,,,14/09/2026 23:06
c7757807-b94b-430d-a320-dbcb756f58f0,byrd.city,available,7.25,28.49,high,low,4,namesilo,,,17/09/2026 08:47
35bffbc0-8110-4eec-ac93-d615bd349514,contention.city,available,7.25,28.49,medium,low,10,namesilo,,,20/09/2026 04:48
5aa8ac61-b549-4b7d-b231-9b2a12df8cd7,ascendant.city,resell,,,high,low,9,"GoDaddy.com, LLC",13/08/2024 12:33,13/08/2027 12:33,26/09/2026 04:03
55c6d595-02b9-41b2-9220-c6b8a3459ff7,astuteness.city,available,5.98,37.98,high,low,10,namecheap,,,20/09/2026 18:21
baba042f-51f3-48b7-8db4-bb11ef2f0126,variform.city,available,5.98,37.98,medium,low,8,namecheap,,,13/09/2026 01:22
7fd8d637-50ed-4e1a-9352-cf0c8e926232,lessons.city,premium,42.9,85.8,medium,low,7,namecheap,,,25/09/2026 19:53
47fb9cb7-bdd9-4f6e-9fd0-61489cca381a,taxa.city,available,7.25,28.49,medium,low,4,namesilo,,,25/09/2026 17:29
3188d468-d7c5-4425-a7c5-3e8dfacf9035,magistrate.city,available,7.25,28.49,high,low,10,namesilo,,,01/10/2026 02:56
580fcc3f-f099-46f8-980a-1e093e0f8eb7,neolithic.city,available,5.98,37.98,medium,low,9,namecheap,,,03/09/2026 15:25
2b939e25-9c0b-4d27-810f-703cfc8a1518,wigmore.city,available,7.25,28.49,medium,low,7,namesilo,,,30/09/2026 22:00
2c9601f9-d8bd-4a0f-bb9a-86eb067fe232,regular.city,available,5.98,37.98,high,low,7,namecheap,,,27/09/2026 11:38
8ffc1d8c-82b2-4e12-bbe2-320e065db3d6,arthropoda.city,available,7.25,28.49,high,low,10,namesilo,,,20/09/2026 10:41
32aefcd4-2b38-4ea4-ad8b-27b63eb446cb,brandy.city,available,7.25,28.49,high,low,6,namesilo,,,24/09/2026 08:12
7a7711ec-16d6-4b37-ac1b-4867840a6af0,pledges.city,available,7.25,28.49,medium,low,7,namesilo,,,02/10/2026 13:24
e239a624-afff-4110-a814-5abbd3908169,inducive.city,available,5.98,37.98,medium,low,8,namecheap,,,22/08/2026 03:31
cc11cc47-c83c-4e83-8455-094523965d8d,reba.city,available,22.2,22.2,high,low,4,cloudflare,,,02/10/2026 20:32
e802b304-8409-41c6-a61c-e2ed2a41fe9b,coles.city,available,5.38,22.97,medium,low,5,spaceship,,,02/10/2026 01:35
de25ec85-6fac-4291-b2d4-6cd2304357db,speechless.city,available,7.25,28.49,medium,low,10,namesilo,,,19/09/2026 16:52
d8884c53-022e-4f4a-a1b5-87c3426c4ddf,formative.city,available,5.98,37.98,high,low,9,namecheap,,,18/08/2026 12:07
88374af2-0504-4e9d-94cf-a79c75733b7d,dictation.city,available,7.25,28.49,high,low,9,namesilo,,,23/09/2026 13:35
a987b0ce-a769-48b3-85ca-ad862b688aad,jordanian.city,premium,13,26,high,low,9,namecheap,,,22/08/2026 14:01
5f3347f7-63a8-4b10-81ba-df2b3cb03a93,godlike.city,available,5.98,37.98,high,low,7,namecheap,,,20/08/2026 16:06
b5665234-292d-4ba3-ac68-dffd09dd49f0,hearing.city,available,7.25,28.49,high,low,7,namesilo,,,24/09/2026 23:40
e5e25c06-aef3-4178-bb0f-94259cdb0730,ddr.city,premium,36.3,36.3,high,low,3,dynadot,,,01/10/2026 23:51
ac9f3eea-0e90-4bd0-84e5-5cc4a5dd529d,insert.city,available,5.98,37.98,high,low,6,namecheap,,,24/09/2026 20:42
4453da6e-7a64-4c55-8bf6-741958568be5,devotes.city,available,7.25,28.49,medium,low,7,namesilo,,,20/09/2026 02:04
fdd3cba4-58e1-40b6-b07f-7841e705a242,eats.city,resell,,,high,low,4,"DNSPod, Inc.",19/03/2022 13:15,19/03/2027 13:15,26/09/2026 05:44
5f518acb-b41d-4cfe-b3b2-05a6f9872a93,categoric.city,available,5.98,37.98,medium,low,9,namecheap,,,11/08/2026 21:29
b8d81c8d-4ffa-4fae-a9a2-7925df5a48b3,majorities.city,available,7.25,28.49,medium,low,10,namesilo,,,29/09/2026 05:40
1cf557f2-41f1-4b56-afe5-feab81d363ac,shifts.city,available,4.63,23.17,medium,low,6,porkbun,,,28/09/2026 09:05
45c499ea-fde0-4c99-98f4-7e4eb5244395,aust.city,available,4.63,23.17,high,low,4,porkbun,,,02/10/2026 08:35
af858e09-548c-4684-bb8b-c2111fc41540,xenophon.city,available,7.25,28.49,medium,low,8,namesilo,,,30/09/2026 03:10
ff5c551a-99cb-4123-9bc0-0db5d7bba8f5,genitals.city,available,22.2,22.2,high,low,8,cloudflare,,,01/10/2026 19:44
ed3ab9ea-b101-44c4-bf18-028ad4ccffdb,coerce.city,available,5.98,37.98,medium,low,6,namecheap,,,20/08/2026 22:25
bfbe005b-073d-408f-ac0e-557993363f5c,letup.city,available,7.99,,medium,low,6,name.com,,,
3c868b42-da90-4d46-880b-e79ee2fb3f15,montane.city,available,5.98,37.98,medium,low,7,namecheap,,,25/08/2026 05:41
0cc7d8b5-e2d3-445e-93e3-981639d6460e,unblushing.city,available,5.98,37.98,medium,low,10,namecheap,,,10/09/2026 05:55
787e8534-63b9-4066-a46a-15fe24bb5736,alcibiades.city,available,7.25,28.49,medium,low,10,namesilo,,,18/09/2026 04:00
a6d159df-76ef-4ac3-ae48-10e0da0b515f,hypnagogic.city,available,5.98,37.98,medium,low,10,namecheap,,,21/08/2026 17:03
f6b835ea-f6aa-4d57-a271-d205a02a2bcf,airlift.city,available,7.25,28.49,high,low,7,namesilo,,,17/09/2026 23:13
1270a8f6-521e-43e6-8eeb-f50723b62f24,salle.city,available,7,,high,low,5,unstoppable,,,01/10/2026 05:06
0e3b3dc1-8bac-4c83-84e1-7e528efff570,unflagging.city,available,5.98,37.98,medium,low,10,namecheap,,,22/08/2026 02:31
ee6222dc-2dc6-4313-9bea-699f8e025b10,delegates.city,available,22.2,22.2,medium,low,9,cloudflare,,,29/09/2026 17:31
e6fe75d4-9d5f-4347-ad94-3a08bc57318d,baths.city,available,7.25,28.49,high,low,5,namesilo,,,28/09/2026 23:22
04d4567a-1839-42da-b33c-10da2e7cbc21,witnessing.city,available,22.2,22.2,high,low,10,cloudflare,,,30/09/2026 12:14
432259a5-c610-4b74-b6b8-004b4339186a,median.city,available,5.98,37.98,high,low,6,namecheap,,,25/09/2026 18:47
96594cea-da95-434f-813f-be2cade97dfc,limbo.city,available,7,,high,low,5,unstoppable,,,29/09/2026 19:33
d234bb17-17f4-410a-85d8-df2c388a3ff7,agrippa.city,available,5.98,37.98,medium,low,7,namecheap,,,17/09/2026 19:32
e62812e7-e8f2-44e3-a69c-0ff417469d23,agronomic.city,available,5.98,37.98,medium,low,9,namecheap,,,
9a2bf3b1-7700-4550-bfcc-c1fd31b64d2b,sportsperson.city,available,7.25,28.49,high,low,12,namesilo,,,16/09/2026 08:58
33f37266-efdc-4206-bf24-e94137c68142,dampish.city,available,7.99,41.99,medium,low,7,name.com,,,13/08/2026 16:41
4f8af11f-37a7-41db-9867-53038e04ded8,bullet.city,available,5.38,22.97,high,low,6,spaceship,,,29/09/2026 05:18
9b82dea0-d6b4-4ada-8246-765609d4d3f7,sear.city,available,5.98,37.98,medium,low,4,namecheap,,,14/08/2026 19:05
805c715d-55f9-46fc-a03a-60123d1f8f93,brookes.city,available,7.25,28.49,medium,low,7,namesilo,,,30/09/2026 22:15
878cb253-93a7-4a58-bce6-8c087dcb2daf,voltaic.city,available,5.98,37.98,medium,low,7,namecheap,,,18/08/2026 19:42
90c2957a-9a1b-4fca-ac55-878ecd7f0bbc,notebooks.city,available,7.25,28.49,medium,low,9,namesilo,,,20/09/2026 11:51
a9354b53-e316-47f5-bf2a-51fd454378e5,consulate.city,available,5.98,37.98,high,low,9,namecheap,,,24/09/2026 17:37
36828bbc-851e-4390-a5aa-b46818e9a82d,hoard.city,available,5.98,37.98,medium,low,5,namecheap,,,12/08/2026 16:57
8a63b180-eb4a-4c2a-bd56-a0703aec8ded,adamantine.city,available,5.98,37.98,medium,low,10,namecheap,,,
8a44a4f5-1574-48ce-a46b-a7a7cb6e0873,distributors.city,available,5.38,22.97,medium,low,12,spaceship,,,02/10/2026 03:29
52c55a08-84aa-40ad-8d5d-817115e0b823,unexpectedly.city,available,22.2,22.2,medium,low,12,cloudflare,,,29/09/2026 03:10
ffd6762f-5ca1-4b28-b706-a4a0ac534014,fees.city,available,7.99,,high,low,4,name.com,,,
220847dc-11c7-4a06-bb5b-c94957028aa1,fossilized.city,available,5.98,37.98,medium,low,10,namecheap,,,18/08/2026 13:12
20e67f53-31ff-44ef-a069-da16031c6472,spruce.city,available,7.99,41.99,high,low,6,name.com,,,13/08/2026 17:37
13be5957-5840-465d-bc6f-b7ebc52dbc0e,gel.city,premium,78.54,78.54,high,low,3,namesilo,,,24/09/2026 16:20
2dfe455f-e29c-451c-a021-e13f56c7e4d8,shrine.city,available,5.38,22.97,high,low,6,spaceship,,,28/09/2026 10:54
ba494694-a31d-4685-9a05-d68cdb57840e,blae.city,available,5.98,37.98,medium,low,4,namecheap,,,10/08/2026 12:24
68fb11bf-6a54-4ad2-bfc3-0dbc24d9e205,ovine.city,available,5.98,37.98,medium,low,5,namecheap,,,04/09/2026 22:07
96068c98-9e51-4e0f-a17a-61271aedefa2,aziz.city,available,7.25,28.49,high,low,4,namesilo,,,28/09/2026 07:37
46648c90-b619-42d2-a7bf-d8076270f1d8,faults.city,available,7.25,28.49,low,low,6,namesilo,,,29/09/2026 11:04
f525595a-8890-4b68-b95f-48dd4bcf33f9,currency.city,resell,,,high,low,8,"Global Domains International, Inc. DBA DomainCostClub.com",01/01/2026 15:15,01/01/2027 15:15,29/09/2026 13:06
1c756eb2-5917-4022-bb0e-e1323f7605e5,order.city,resell,,,high,medium,5,"Spaceship, Inc.",07/01/2026 05:36,07/01/2027 05:36,26/09/2026 07:56
8aca8229-266e-469a-9f04-9176b470c0e1,bitok.city,available,5.98,37.98,medium,low,5,namecheap,,,23/09/2026 22:40
d7eb04f8-e06a-4516-a94e-f2580ef097ac,orissa.city,available,5.98,37.98,medium,low,6,namecheap,,,30/09/2026 18:16
80ae06cb-b1e1-4429-a6b7-b1ad6deb5036,lynette.city,available,7.25,28.49,medium,low,7,namesilo,,,03/10/2026 05:07
0e3c46e2-ff4c-4350-8ab0-cc6c18cc2095,contiguity.city,available,7.25,28.49,high,low,10,namesilo,,,17/09/2026 08:24
e104461a-1e44-4d4b-843a-936110d7d6ca,tricky.city,available,5.98,37.98,high,low,6,namecheap,,,11/08/2026 21:23
f5eb76bf-5657-4e57-83ba-be623e5cc8e7,leftist.city,available,5.98,37.98,high,low,7,namecheap,,,12/08/2026 17:05
fa256b97-2b9a-4683-91ac-f080af30525e,track.city,resell,,,high,medium,5,"DNSPod, Inc.",16/08/2018 19:43,16/08/2027 19:43,26/09/2026 09:42
0b12862a-efaf-4fa2-bd03-238354f16a1d,puberty.city,available,7.25,28.49,high,low,7,namesilo,,,29/09/2026 02:00
a95f9c30-9099-45f4-b74c-da34e6b302d0,shod.city,available,5.98,37.98,medium,low,4,namecheap,,,11/08/2026 13:43
d2707523-8fb0-4fce-b6ba-504f86c32ef8,memorise.city,available,5.38,22.97,high,low,8,spaceship,,,30/09/2026 20:33
cc38fe3d-f958-4ab8-a472-2f3cb827ed4c,swimmers.city,available,7.25,28.49,medium,low,8,namesilo,,,30/09/2026 14:58
1cd6ff31-ef44-43e1-bef4-3675b69b0b94,featuring.city,available,7.25,28.49,high,low,9,namesilo,,,29/09/2026 14:52
0346792e-b1d5-4884-b5aa-66b4170c49d9,dinah.city,available,7.25,28.49,medium,low,5,namesilo,,,29/09/2026 03:55
48310af2-f0bd-40e6-ab0f-0b5b698f42cd,autocrat.city,available,7.25,28.49,medium,low,8,namesilo,,,21/09/2026 06:11
d035ecf6-3db3-4186-9473-ca621884d477,clinical.city,available,7.25,28.49,high,low,8,namesilo,,,01/10/2026 21:10
101990cf-8661-4c41-b923-7942900a46a4,priya.city,available,4.5,23.76,high,low,5,dynadot,,,03/10/2026 04:50
b5441f14-3d71-4f91-b3fc-4f4ce1df3440,norden.city,available,7.25,28.49,high,low,6,namesilo,,,02/10/2026 07:06
d435436d-52e2-4875-9f4a-4265702b142b,lifts.city,available,7,,medium,low,5,unstoppable,,,29/09/2026 05:05
634fb41f-782c-4485-b891-fb4c4f2ea1ca,tewkesbury.city,available,7.25,28.49,medium,low,10,namesilo,,,22/09/2026 16:07
19b37e85-3989-4e73-8ea5-6417da3b7ec2,auspicate.city,available,7.25,28.49,medium,low,9,namesilo,,,21/09/2026 03:29
7a05b9d3-6606-458d-a87a-57d9882550ec,ascendancy.city,available,7.25,28.49,high,low,10,namesilo,,,20/09/2026 13:06
2f05499c-ff2d-4a81-bd20-cca635c0fa40,fucking.city,premium,78.54,78.54,high,low,7,namesilo,,,24/09/2026 22:07
d619b885-fe6e-45c0-96ff-b4fa711f7d2e,coulson.city,available,5.38,22.97,medium,low,7,spaceship,,,30/09/2026 21:34
8bc64593-d897-428d-9352-fb3bc7d94dbb,herzegovina.city,available,5.38,22.97,medium,low,11,spaceship,,,27/09/2026 18:47
8dfc95a0-a054-4809-a73c-e06dc86082ce,addictive.city,available,7.25,28.49,high,low,9,namesilo,,,21/09/2026 17:08
052c590c-07da-4382-9d28-e79c86dbe34c,aleutian.city,available,5.98,37.98,medium,low,8,namecheap,,,
0aeda7ab-5a38-43db-8e4b-a2c21cc5eaec,abbe.city,available,5.98,37.98,medium,low,4,namecheap,,,16/09/2026 14:22
3510e981-9cf6-4ca1-9b11-549c8ab01f3e,assouan.city,available,7.25,28.49,medium,low,7,namesilo,,,20/09/2026 16:37
8863c984-97b4-4941-87ae-b81e50822517,windflower.city,available,7.25,28.49,high,low,10,namesilo,,,19/09/2026 05:19
5ec83ae2-5716-41eb-bf01-9635a6d1ef48,distributed.city,available,5.98,37.98,high,low,11,namecheap,,,
b1f16e1f-0df1-4e44-89ec-f61d09a17c83,gwen.city,available,5.38,22.97,high,low,4,spaceship,,,27/09/2026 19:20
4b7edc26-47e4-4778-9698-7a4625452f30,fil.city,premium,23.6,23.6,high,low,3,namesilo,,,30/09/2026 03:20
3107d89a-7ceb-4043-b82a-89dc4dc184f4,dorr.city,available,7.25,28.49,medium,low,4,namesilo,,,01/10/2026 07:08
d212dff6-91e0-4b4c-8438-56ebad33d5a2,soup.city,resell,,,high,low,4,"Sav.com, LLC - 16",20/02/2026 15:15,20/02/2027 15:15,30/09/2026 11:33
1619c5f0-9177-4e5f-a762-46372342796a,ambivalent.city,available,5.98,37.98,medium,low,10,namecheap,,,
7142b9f6-0419-4f64-be4d-0320a8a0b793,supersonic.city,available,5.98,37.98,high,low,10,namecheap,,,11/09/2026 02:25
15f7f847-a37e-4ff8-b040-100b6fadd515,pigeons.city,available,7.25,28.49,medium,low,7,namesilo,,,20/09/2026 07:08
e0ec095a-ea75-40be-8770-18c995b44161,claudia.city,available,7.99,41.99,high,low,7,name.com,,,25/09/2026 13:43
612141b3-7cf8-4530-adeb-89a80b7d0a3c,spaceward.city,available,5.98,37.98,medium,low,9,namecheap,,,16/09/2026 05:42
755bbfff-6f83-4322-b620-5eb3081c0f74,anastrophe.city,available,7.25,28.49,medium,low,10,namesilo,,,19/09/2026 03:23
433a9d92-77b5-4e8a-8b1c-3c1c8e65d278,unabashed.city,available,5.98,37.98,medium,low,9,namecheap,,,11/09/2026 23:19
2fe01a7d-2078-4f07-a15b-aae628daaea4,empathy.city,available,7.99,49.99,high,low,7,godaddy,,,30/09/2026 01:30
67454675-3546-4337-acbe-510a85feb3be,postgraduate.city,available,7,,high,low,12,unstoppable,,,02/10/2026 17:51
edcfca2c-97a7-46cd-9f19-fb8466554bf4,crack.city,resell,,,high,low,5,"DNSPod, Inc.",03/05/2024 15:15,03/05/2027 15:15,26/09/2026 05:18
693fa5e2-74d2-44e3-b4c4-5337552fc43f,logrolling.city,available,5.98,37.98,medium,low,10,namecheap,,,23/09/2026 20:50
712f6300-e386-4538-b2ab-a500aebcb666,prichard.city,available,7.25,28.49,medium,low,8,namesilo,,,02/10/2026 08:43
b42da090-e2bb-418d-9c77-a59a02fd6c6e,mosquitoes.city,available,7.25,28.49,low,low,10,namesilo,,,18/09/2026 14:22
38338277-d96d-4dd2-8408-81ca3ccbfe82,patio.city,premium,260,520,high,low,5,namecheap,,,29/09/2026 13:40
81382461-a58e-43ed-8905-ab9df599d1c4,recommendation.city,available,7.99,,high,low,14,name.com,,,
f37f6c97-d3c8-49d3-beb9-1579b78fef8c,netting.city,available,22.2,22.2,high,low,7,cloudflare,,,01/10/2026 21:08
d27369f6-f06b-4736-905b-13cf8f6a750f,filesharing.city,available,7.25,28.49,high,low,12,namesilo,,,18/09/2026 10:05
fac1dea1-8929-4e3b-862c-a7472c931dea,matlock.city,available,5.38,22.97,medium,low,7,spaceship,,,02/10/2026 10:27
6c8aadc8-6b05-4234-9bc4-99d1c48acfad,midwestern.city,available,5.98,37.98,high,low,10,namecheap,,,24/08/2026 22:41
029c0b8f-9329-4153-8065-4afcd726fabd,yoder.city,available,5.38,22.97,medium,low,5,spaceship,,,02/10/2026 12:22
8ba42e77-b9d9-4c04-b82e-24e214603769,angelina.city,available,7.25,28.49,high,low,8,namesilo,,,03/10/2026 03:02
cc6dfe48-baa5-40ed-8588-39132ebd7362,contestant.city,available,5.98,37.98,medium,low,10,namecheap,,,14/08/2026 12:45
256b5f74-1667-4d94-a33e-e4fa6373ca09,kind.city,resell,,,high,low,4,"DNSPod, Inc.",30/03/2021 05:52,30/03/2027 05:52,26/09/2026 07:05
991ae552-ad8e-4710-aaf3-f5da5bce3505,commercially.city,available,7,,medium,low,12,unstoppable,,,01/10/2026 21:28
b8fec5ff-1f6f-4ed5-8378-a11c24d88c10,vichy.city,available,7.25,28.49,high,low,5,namesilo,,,02/10/2026 17:07
18031661-8571-4020-b6af-5710a4a61097,bearnaise.city,available,5.98,37.98,medium,low,9,namecheap,,,22/09/2026 21:23
baa3cdc3-0c2e-4190-8b27-4b78a4ef6c19,mistake.city,available,7.25,28.49,high,low,7,namesilo,,,25/09/2026 05:40
d26b4640-0bc8-47a2-aae7-e72950876d40,casts.city,available,7.99,49.99,medium,low,5,godaddy,,,01/10/2026 00:30
cbb08271-2e9e-46bd-8882-ce36a79bd819,extramural.city,available,5.98,37.98,medium,low,10,namecheap,,,17/08/2026 19:18
b90bdd55-298b-4dd2-9593-4772b9b46122,truman.city,available,4.63,23.17,high,low,6,porkbun,,,28/09/2026 10:00
c2ec928a-a88b-4b76-8cc6-0d1c80c6a1c5,fergusson.city,available,5.38,22.97,medium,low,9,spaceship,,,02/10/2026 02:38
e7536197-ddee-4e2b-9517-f897ac05b1b5,staunch.city,available,5.98,37.98,high,low,7,namecheap,,,10/09/2026 19:22
6bb3c127-c6e1-430d-bb49-8637f12a3555,pouf.city,available,5.98,37.98,medium,low,4,namecheap,,,09/09/2026 08:13
8fa67076-493b-4635-9fea-22d06c3db5f9,chestnuts.city,available,5.98,37.98,medium,low,9,namecheap,,,20/09/2026 20:45
32bfb6bd-b0ef-4c82-b9b8-73634b424056,mules.city,available,22.2,22.2,high,low,5,cloudflare,,,29/09/2026 21:20
204ca8c9-35a6-41d8-bbd4-49c36ac366d6,hipped.city,available,5.98,37.98,medium,low,6,namecheap,,,21/08/2026 09:41
bfadf532-d371-4f4d-b815-4c42b3e2917d,multiplying.city,available,7,,high,low,11,unstoppable,,,01/10/2026 06:06
25673de1-67bd-424a-8c7b-10f8d89f5030,arrhenius.city,available,5.98,37.98,high,low,9,namecheap,,,20/09/2026 09:11
a703c936-d5e9-4ca4-9276-7ebeecf8e1ba,consequence.city,available,22.2,22.2,high,low,11,cloudflare,,,28/09/2026 15:40
d709d899-fc58-48e0-bb88-64a40ffbd751,biblical.city,premium,42.9,85.8,medium,low,8,namecheap,,,09/08/2026 18:53
4098db11-c552-4006-bbe0-322fb4308a98,tummy.city,available,7.99,41.99,high,low,5,name.com,,,22/09/2026 17:49
476ef40b-24fe-47c5-82a5-11b3b3c15097,grouping.city,available,5.38,22.97,high,low,8,spaceship,,,29/09/2026 21:36
ea84d93e-f148-4bcd-b64c-ca4e5b2be88e,aurous.city,available,5.98,37.98,medium,low,6,namecheap,,,07/08/2026 17:31
70637e76-2dce-4049-86d3-ef2306aead17,hiemal.city,available,5.98,37.98,medium,low,6,namecheap,,,11/08/2026 06:40
8a035026-2ce1-44e9-aaf7-0ad1ac60c34e,periods.city,available,22.2,22.2,medium,low,7,cloudflare,,,28/09/2026 18:01
b3219380-146b-4d02-8ecf-abdca77d24d5,aar.city,premium,42.9,85.8,medium,low,3,namecheap,,,16/09/2026 13:19
247e7fa0-fa61-46b5-8bc2-a902704320ed,chopping.city,available,7.25,28.49,high,low,8,namesilo,,,30/09/2026 12:16
7b8ceb20-e36c-47b0-abaa-e8b1d3ff0ffd,windward.city,available,5.98,37.98,high,low,8,namecheap,,,13/09/2026 12:22
fc849a0e-d97a-483a-896a-2ab3f8f93de6,romp.city,available,5.98,37.98,high,low,4,namecheap,,,09/09/2026 19:26
960456ce-a258-471a-9626-8b28fbdd4ec7,superfund.city,available,7.25,28.49,high,low,9,namesilo,,,29/09/2026 08:11
7174c500-e29a-4003-b663-5a26c9d9eb00,sncc.city,available,5.38,22.97,medium,low,4,spaceship,,,03/10/2026 04:26
72ab23c0-4641-4d03-b0d1-0c67fc175a64,suffer.city,available,5.38,22.97,high,low,6,spaceship,,,28/09/2026 17:46
a2198929-8774-40aa-917b-d61c19650203,bout.city,available,5.98,37.98,high,low,4,namecheap,,,28/09/2026 18:28
95347ab3-0b9f-4ea2-90cc-e45c8b305d96,ascus.city,available,7.25,28.49,medium,low,5,namesilo,,,20/09/2026 13:28
cfdd0e38-57c6-4829-8efc-3b88b12773b3,sabrina.city,available,5.38,22.97,medium,low,7,spaceship,,,29/09/2026 04:05
7b4ed10a-7076-4d27-b6b0-8da5f488769f,simeon.city,available,7,,medium,low,6,unstoppable,,,01/10/2026 21:41
74287bad-3da4-4135-a25f-9801bb1a68c4,marble.city,resell,,,high,low,6,"DNSPod, Inc.",26/06/2018 21:13,26/06/2027 21:13,30/09/2026 03:53
c7df3f39-8f59-43ef-b632-231c2116b573,unjust.city,available,5.98,37.98,medium,low,6,namecheap,,,22/08/2026 03:49
ced4008e-3901-47a7-a138-c4ce8e6589b3,calculous.city,available,5.98,37.98,medium,low,9,namecheap,,,11/08/2026 14:05
6c0278f2-c659-4355-a9d5-67b485702692,jeremiah.city,available,5.98,37.98,high,low,8,namecheap,,,24/09/2026 06:54
1d05d9d8-b700-4442-bcf8-abc546b3cb5e,asunder.city,available,5.98,37.98,medium,low,7,namecheap,,,07/08/2026 10:20
fc32d5a4-97dd-4b28-a00d-49d83e1b0e4d,arjuna.city,available,7.25,28.49,high,low,6,namesilo,,,20/09/2026 06:08
0b5c8523-9dfc-4435-b38b-68c67c4a017e,film.city,resell,,,high,low,4,Alibaba Cloud Computing Ltd. d/b/a HiChina (www.net.cn),30/12/2019 01:12,30/12/2026 01:12,02/10/2026 18:00
ce5af912-e72e-485e-97a9-621e092242e9,slavelike.city,available,5.98,37.98,medium,low,9,namecheap,,,10/09/2026 10:32
c9109ce3-ede0-4ff9-9e3e-4a31759b4a17,torrential.city,available,5.98,37.98,medium,low,10,namecheap,,,11/09/2026 17:57
9a0227c6-4da3-4a68-b3ba-c6a1f3a2863a,graces.city,available,5.38,22.97,high,low,6,spaceship,,,02/10/2026 21:53
eb2b2c4c-58f8-4d45-bf31-f187b75de516,recaptured.city,available,5.98,37.98,medium,low,10,namecheap,,,18/09/2026 19:20
22da9e57-8eaa-4240-9b7a-f2c8c7ebe777,arabis.city,available,7.25,28.49,medium,low,6,namesilo,,,19/09/2026 23:33
22866b26-bcb0-47dc-8614-90db67083c18,hrt.city,premium,34.36,68.51,high,low,3,spaceship,,,03/10/2026 01:14
8f15acc3-560c-4b59-978c-30e55c6c2cd5,lorry.city,available,5.38,22.97,high,low,5,spaceship,,,29/09/2026 06:05
9778ae00-1f29-48a8-940b-01ac6ce0e20f,symbol.city,available,7.25,28.49,high,low,6,namesilo,,,02/10/2026 11:58
9d20e1dc-452d-4d57-a243-aba7c2346884,catechetic.city,available,5.98,37.98,medium,low,10,namecheap,,,11/08/2026 21:25
ab1db441-ec6c-4b25-b665-d44963627518,reebok.city,available,7.25,28.49,high,low,6,namesilo,,,02/10/2026 03:57
0073a9d9-4795-4795-b230-4bb32eb2b758,groundless.city,available,5.98,37.98,medium,low,10,namecheap,,,08/08/2026 21:49
9ff363ed-9a1e-482e-a527-db48e7b64165,propel.city,available,5.98,37.98,high,low,6,namecheap,,,09/09/2026 03:16
ca6df1e9-3d42-4da7-9db0-aa4c7a4b3c95,appreciates.city,available,5.98,37.98,medium,low,11,namecheap,,,20/09/2026 20:35
60b24389-23d3-402a-ba55-8b92b8f29dc0,rimed.city,available,5.98,37.98,medium,low,5,namecheap,,,09/09/2026 17:39
e90814b4-7ebd-43de-b0e7-90228e1a1a53,ambergris.city,available,7.25,28.49,medium,low,9,namesilo,,,18/09/2026 16:37
d3d9ac11-79e9-471f-8c5e-8def9bf336d8,cod.city,premium,23.6,23.6,high,low,3,namesilo,,,23/09/2026 14:56
d69859de-8a18-4fb1-bf46-05ff61485526,apartments.city,resell,,,medium,low,10,Porkbun LLC,27/10/2020 14:52,27/10/2027 14:52,26/09/2026 03:55
8cdb45d1-87b4-42eb-a524-ece5e319190c,whorehouse.city,available,5.98,37.98,medium,low,10,namecheap,,,21/09/2026 18:13
964688ec-d575-4fa4-8163-eb02f2705684,curtiss.city,available,7.25,28.49,high,low,7,namesilo,,,27/09/2026 12:50
7c1e4097-0acd-4cf3-b00a-0586a2ef0eb2,sherry.city,available,5.38,22.97,medium,low,6,spaceship,,,28/09/2026 15:20
fa2e1a21-e5ed-416a-9098-791e364d06b5,unearthly.city,available,5.98,37.98,medium,low,9,namecheap,,,16/08/2026 02:28
8080ed4f-6d42-4ff4-977f-c8c871cf9395,dislike.city,available,5.38,22.97,high,low,7,spaceship,,,29/09/2026 15:55
e5c43916-3a98-4b78-b9ce-c12f57e37de6,grease.city,available,7,,high,low,6,unstoppable,,,28/09/2026 14:21
75a6e7d9-50d8-44ea-8310-0b260df5fdce,walk.city,resell,,,high,low,4,"GoDaddy.com, LLC",25/04/2019 05:23,25/04/2027 05:23,27/09/2026 02:47
15461589-75c7-4312-b94a-e0328a24c560,feculent.city,available,5.98,37.98,low,low,8,namecheap,,,18/08/2026 00:32
d67109d1-d765-4a22-add8-6757c8273c56,resolvable.city,available,7.25,28.49,high,low,10,namesilo,,,27/09/2026 12:20
0333279f-8723-454e-a533-cf4145ebe0bf,bassist.city,available,5.98,37.98,medium,low,7,namecheap,,,22/09/2026 12:26
08acde19-6a61-448c-999a-1186e7654e68,antefix.city,available,7.25,28.49,medium,low,7,namesilo,,,19/09/2026 12:49
99379071-8e88-43d3-81d6-4af8c801ba42,lsa.city,premium,33.5,,medium,low,3,unstoppable,,,01/10/2026 18:39
3f383168-f2a0-4285-b651-1608e008300d,abrader.city,available,7.25,28.49,medium,low,7,namesilo,,,16/09/2026 16:48
736994c4-0a6a-4c53-aa5e-2b6e22cbd34c,frye.city,available,22.2,22.2,medium,low,4,cloudflare,,,28/09/2026 19:16
af1bb705-30ac-4463-9a6e-6a6e1a65ece8,blase.city,available,5.98,37.98,medium,low,5,namecheap,,,10/08/2026 13:19
a4ef5624-42c0-4487-8dc5-5433db7c3eee,gyroscopic.city,available,5.98,37.98,medium,low,10,namecheap,,,20/08/2026 21:21
14e6ea3c-a66a-4338-bcfd-31c9e980f331,nasdaq.city,available,4.63,23.17,high,low,6,porkbun,,,28/09/2026 02:27
0b15f5c1-6acd-41ba-b2f8-c7bba0a0660b,substitution.city,available,7.25,28.49,high,low,12,namesilo,,,02/10/2026 16:54
577c1c06-b70a-4db2-9761-68c1120ae5c3,osmanli.city,available,5.98,37.98,medium,low,7,namecheap,,,04/09/2026 18:41
5b7aa574-0e0d-4ce8-8cd2-425aed5a79a9,tottenham.city,available,4.5,23.76,high,low,9,dynadot,,,29/09/2026 22:19
c29ae28f-acd4-4bae-9cf9-59e59f33288c,wedged.city,available,5.98,37.98,medium,low,6,namecheap,,,21/08/2026 21:38
8358a3a6-24c8-4e5f-b284-17ff2e7f3064,facies.city,available,5.38,22.97,medium,low,6,spaceship,,,29/09/2026 04:47
4a15c8bb-599d-4d07-85f0-201cb4b458c6,chimerical.city,available,5.98,37.98,medium,low,10,namecheap,,,12/08/2026 05:38
e04e1d45-3bbf-4fa1-92ea-70fc22d0614b,modesty.city,available,5.38,22.97,high,low,7,spaceship,,,30/09/2026 04:51
c0e5da69-be06-46ac-a2d1-8ac3ba615c1a,power.city,resell,,,high,medium,5,Porkbun LLC,05/08/2015 16:45,05/08/2027 16:45,26/09/2026 08:16
ca246abf-b614-4df3-b164-417848661cfb,archaic.city,available,5.98,37.98,high,low,7,namecheap,,,
91f089bd-697c-465f-8109-1920a6ededed,hinault.city,available,7.25,28.49,medium,low,7,namesilo,,,23/09/2026 09:48
9bc8a54e-c78b-4f10-ad20-6a55bb2899eb,yields.city,available,7.25,28.49,medium,low,6,namesilo,,,01/10/2026 17:44
8b12dc21-73de-4a94-a7ab-1e593e0e2e71,transmitters.city,available,5.38,22.97,medium,low,12,spaceship,,,01/10/2026 18:01
8b033c65-917e-4f05-9e08-385c4f30d5c2,palish.city,available,5.98,37.98,medium,low,6,namecheap,,,04/09/2026 23:41
57df32db-64dd-460e-98a7-3909fc6a9012,fissile.city,available,5.98,37.98,medium,low,7,namecheap,,,18/08/2026 05:34
941413d8-b805-40be-82f9-53c6628ac9dc,barriers.city,available,5.38,22.97,medium,low,8,spaceship,,,30/09/2026 15:49
8b11d47d-f8fb-4ec1-9188-f435bcbfb413,footage.city,available,7.25,28.49,high,low,7,namesilo,,,28/09/2026 01:55
1ee042ef-f9f3-4b90-b6c3-7e5be8d0b026,chequered.city,available,5.98,37.98,medium,low,9,namecheap,,,12/08/2026 03:40
b13e024c-e9cf-4af5-95df-a7293ee5873e,alloyed.city,available,5.98,37.98,medium,low,7,namecheap,,,
4206176c-dff9-4613-af5e-8d683c5d1490,wakeful.city,available,5.98,37.98,medium,low,7,namecheap,,,04/09/2026 16:03
53ef0423-4fd7-4ca2-95de-c75d0ad9d946,hybrid.city,resell,,,high,low,6,"Chengdu West Dimension Digital Technology Co., Ltd.",02/06/2017 21:31,02/06/2027 21:31,26/09/2026 06:46
814fb16a-1380-4be4-850d-4019e42c13ed,coaches.city,available,5.98,37.98,high,low,7,namecheap,,,20/09/2026 07:46
dfe7f0cc-023d-42a7-8cff-a848ef609837,macpherson.city,available,4.5,23.76,medium,low,10,dynadot,,,28/09/2026 22:18
fe71cbf1-233a-4a5f-bbf4-ed511e4c4921,suspicious.city,available,5.98,37.98,medium,low,10,namecheap,,,22/08/2026 22:28
9861af31-8269-4410-b81d-21bc11a4d9e3,lothian.city,available,7.25,28.49,medium,low,7,namesilo,,,30/09/2026 00:22
e2a1c451-64a4-42d0-ba61-379a7685d5b7,lissome.city,available,5.98,37.98,medium,low,7,namecheap,,,23/08/2026 23:39
cedda555-eddb-4a68-a75b-12a7f4a9e86d,exogenic.city,available,5.98,37.98,medium,low,8,namecheap,,,17/08/2026 17:34
8b8e0106-d5dc-42b9-9d14-a1604585497a,nil.city,premium,13,26,high,low,3,namecheap,,,03/09/2026 22:28
34916dd6-048f-4e89-960b-e3e950570815,lie.city,premium,10.55,20.9,high,low,3,spaceship,,,30/09/2026 02:51
66d6dfdf-5218-46d4-a181-6e5e60668306,cupboard.city,available,7.25,28.49,high,low,8,namesilo,,,24/09/2026 15:58
2871b718-0879-49e8-b7f4-e0795cd2bb48,weirdness.city,available,7.25,28.49,medium,low,9,namesilo,,,23/09/2026 23:18
04a559d3-be01-459e-95e2-6bfc525a4abe,sondheim.city,available,5.38,22.97,high,low,8,spaceship,,,03/10/2026 02:09
79b436f3-ecbd-47d7-8d2b-5de1fc0490bc,likely.city,available,7.25,28.49,high,low,6,namesilo,,,25/09/2026 13:46
b356c5b1-7d02-4f50-b7c6-80398063e25b,petrie.city,available,5.38,22.97,medium,low,6,spaceship,,,02/10/2026 09:56
87726aeb-8f49-4f7e-b6f7-ff787c31dfc6,grandstand.city,available,7,,high,low,10,unstoppable,,,03/10/2026 00:14
888c524b-afc6-4e45-a6e4-6646f8b1f150,abounding.city,available,5.98,37.98,high,low,9,namecheap,,,
d188fa24-78d1-4c52-a9c8-ce9cd6931bae,tarzan.city,available,5.98,37.98,high,low,6,namecheap,,,29/09/2026 02:18
26bb1aca-0ecb-4e9b-8e8a-d2a552cf95d5,ionised.city,available,5.98,37.98,medium,low,7,namecheap,,,22/08/2026 09:33
b81cf3d8-0753-4921-8e84-5401b704220a,killer.city,premium,23.6,23.6,high,low,6,namesilo,,,24/09/2026 13:14
1de60494-f2eb-4611-aacd-d775dc37ee63,investigative.city,available,5.38,22.97,medium,low,13,spaceship,,,29/09/2026 08:53
9122f334-303b-4448-bbdc-ac78ed5eaded,tremendous.city,available,5.98,37.98,high,low,10,namecheap,,,17/08/2026 09:48
69985039-b513-43c9-8065-5df67325fbc4,replied.city,available,7.25,28.49,medium,low,7,namesilo,,,18/09/2026 01:09
39c5bab7-a1f6-461d-9dae-947bf87d782d,cosy.city,resell,,,high,low,4,"DNSPod, Inc.",25/05/2023 15:15,25/05/2027 15:15,26/09/2026 05:16
0ac01252-6214-4ab5-babf-cec088a522e1,royston.city,available,22.2,22.2,high,low,7,cloudflare,,,03/10/2026 05:25
a9e90093-8a31-40c2-a8da-53817d9678d9,sacrificial.city,available,7.25,28.49,high,low,11,namesilo,,,02/10/2026 16:52
34df1ba2-a868-4c7b-8cb0-6df9377ff715,molal.city,available,5.98,37.98,medium,low,5,namecheap,,,25/08/2026 03:31
89e162fd-df70-44c2-a762-a4a7c24be0dd,truelove.city,available,5.98,37.98,medium,low,8,namecheap,,,10/09/2026 19:36
572d3386-fe9c-42f7-90bf-02d90df50f95,spiritually.city,available,7.25,28.49,high,low,11,namesilo,,,30/09/2026 12:12
ea8404c7-2e04-423f-b19f-cf9bfe380ec1,joh.city,premium,33.5,,medium,low,3,unstoppable,,,02/10/2026 19:21
b162c937-1a41-4104-b468-c7511e51b3fe,bly.city,premium,,,medium,low,3,,,,02/10/2026 06:48
4136afa5-b7a3-4335-a4f9-1cc3cd81b48c,tully.city,available,5.38,22.97,medium,low,5,spaceship,,,28/09/2026 19:49
b0fd4537-4b06-4c04-85bb-a89a58b1e001,piping.city,available,5.98,37.98,medium,low,6,namecheap,,,10/09/2026 19:43
e12707d3-62d7-4b25-acd7-cffedfca4c1d,meuse.city,available,7.25,28.49,medium,low,5,namesilo,,,20/09/2026 04:35
5ceccaec-03f9-4899-a277-fdd6380ffdb0,deseret.city,available,7.25,28.49,high,low,7,namesilo,,,01/10/2026 23:59
801be01e-9bea-4bc0-bbbd-848d3e5cef36,immutably.city,available,5.98,37.98,medium,low,9,namecheap,,,15/09/2026 02:06
22532f3f-abab-473d-9d6f-79758add0126,shepherds.city,available,5.98,37.98,medium,low,9,namecheap,,,02/10/2026 12:36
838ec44c-69ae-4f05-b1db-c6137efb6421,roiled.city,available,5.98,37.98,medium,low,6,namecheap,,,
96f8a16e-1fc5-42c6-9a5e-c3b8009b5ac3,sudanese.city,premium,13,26,high,low,8,namecheap,,,11/09/2026 01:05
816f5c9e-6602-4247-afa2-46030e706a3e,deathless.city,available,7.99,41.99,medium,low,9,name.com,,,13/08/2026 20:02
81add54c-c4ca-4db6-b94c-44be1aaf8a4d,flies.city,available,7.25,28.49,high,low,5,namesilo,,,25/09/2026 06:05
83f0d808-1a63-48ad-b600-d58273d2976c,prodigy.city,resell,,,high,low,7,Dynadot Inc,19/09/2026 17:01,19/09/2027 17:01,27/09/2026 07:16
8029ba71-1f93-4256-88fb-c2425a35b3c3,outlawed.city,available,5.98,37.98,medium,low,8,namecheap,,,21/08/2026 19:52
a6d20d21-fffa-4409-8c48-11f927402c1d,cana.city,available,5.38,22.97,high,low,4,spaceship,,,01/10/2026 23:47
76faad6e-3959-43c4-a459-5885580b29cd,truculent.city,available,5.98,37.98,medium,low,9,namecheap,,,11/09/2026 20:29
c9c9a3b3-b029-49d2-b0d8-f6f3dd606b20,hee.city,premium,10.55,20.9,high,low,3,spaceship,,,29/09/2026 21:26
d7438513-eb75-4e1b-8846-c003d8fa51c1,bullied.city,available,4.5,23.76,medium,low,7,dynadot,,,02/10/2026 18:24
23111aa8-73ba-4be3-820b-f9292b37abc6,xxvii.city,available,5.98,37.98,medium,low,5,namecheap,,,
f8ec26dd-a106-4f10-ae76-144e067795d9,catholic.city,premium,13,26,high,low,8,namecheap,,,11/08/2026 22:01
1a6ad7ae-1424-4358-a4e7-ff3c22c37591,quartic.city,available,5.98,37.98,high,low,7,namecheap,,,10/08/2026 05:37
29cc4f1d-1b18-46c4-854e-e30574e2af9a,hcl.city,premium,10.55,20.9,medium,low,3,spaceship,,,29/09/2026 17:21
299c6862-e436-41de-8034-58d0fad7ac20,winkle.city,available,5.98,37.98,medium,low,6,namecheap,,,18/08/2026 06:48
87e9f6b9-6bf4-4aa9-afb0-7b8afc4b61ce,thawing.city,available,5.98,37.98,medium,low,7,namecheap,,,24/08/2026 19:47
d7d96e33-7051-4afa-802a-1d88646cecb3,ordain.city,available,5.98,37.98,high,low,6,namecheap,,,12/08/2026 22:27
24e4218e-3eed-43f4-85a5-8fb171f41e68,terminate.city,available,7.25,28.49,medium,low,9,namesilo,,,28/09/2026 14:01
c53a91a4-1078-4a3c-96e5-3dfb7fcb0e83,grapey.city,available,5.98,37.98,medium,low,6,namecheap,,,20/08/2026 18:06
f976a595-2f4c-47ab-b575-71b8fd9b2986,brooks.city,available,5.98,37.98,high,low,6,namecheap,,,24/09/2026 10:47
a193d866-5a04-4f0b-a0c6-f0aea5abe5bb,stepped.city,available,5.98,37.98,high,low,7,namecheap,,,25/09/2026 18:05
c2cc7f31-8961-4741-8737-9de250ba2777,subscript.city,available,5.98,37.98,high,low,9,namecheap,,,11/09/2026 00:43
4d342ed3-326d-440f-943b-c0ecdf7d6955,cheetos.city,available,7.25,28.49,high,low,7,namesilo,,,21/09/2026 04:04
3b4bd059-361b-4282-a1ff-92bc25238fa1,aimlessly.city,available,5.98,37.98,medium,low,9,namecheap,,,13/09/2026 18:28
a9c7147b-b0a6-4c11-96f9-5893d838a9ab,talus.city,available,5.98,37.98,medium,low,5,namecheap,,,19/09/2026 09:46
c3cff5a8-4d3f-4f59-b3ec-4b9443bff22f,bonifacio.city,available,7.25,28.49,medium,low,9,namesilo,,,03/10/2026 05:24
b5a80c97-57ab-41bd-b5c3-d9f2fc0496aa,hokey.city,available,5.98,37.98,medium,low,5,namecheap,,,09/08/2026 00:37
bb73a291-993f-4b5a-a1eb-bb891bb12b79,sapid.city,available,5.98,37.98,medium,low,5,namecheap,,,18/08/2026 07:14
e77d382c-2c7e-4772-a84a-2cac8edd5a1e,contain.city,available,5.98,37.98,high,low,7,namecheap,,,24/09/2026 20:22
b1453ce9-e37f-4a10-ab3e-d2a8be7cfbd1,arsenic.city,available,5.98,37.98,medium,low,7,namecheap,,,13/09/2026 21:07
93fb4787-5dfd-4670-8725-2b8160dc59ac,besieged.city,available,5.98,37.98,low,low,8,namecheap,,,09/08/2026 15:25
32ae23cc-122b-44d9-8893-4d0625a5d123,antiviral.city,available,5.98,37.98,high,low,9,namecheap,,,05/08/2026 20:06
08aacf75-5fc3-4742-b8b6-b4b73a445a9f,alumina.city,available,7.25,28.49,medium,low,7,namesilo,,,18/09/2026 15:12
afdf3e66-a387-4cae-b25d-8e7c0f7e4a3e,lakota.city,available,4.5,23.76,high,low,6,dynadot,,,29/09/2026 13:15
61d0dbb2-11bb-4f4e-b3b8-f09a727acfe2,slushy.city,available,5.98,37.98,medium,low,6,namecheap,,,09/08/2026 01:25
6027b309-a2cf-4eaa-81cd-a266a4740fd9,baring.city,available,5.98,37.98,medium,low,6,namecheap,,,22/09/2026 06:03
04ccc576-9c7a-4e3f-b1b9-795be41453d5,jabiru.city,available,7.25,28.49,medium,low,6,namesilo,,,23/09/2026 23:50
2da21588-b5b1-4e81-be0f-e1f11ca3d698,rationalism.city,available,5.98,37.98,high,low,11,namecheap,,,30/09/2026 05:54
585284fd-bfa0-4a5c-b93f-69156746ec5d,wheezing.city,available,5.98,37.98,medium,low,8,namecheap,,,07/08/2026 09:25
4e0becf7-ce06-4a28-9d2a-a25adc959bca,naught.city,available,5.98,37.98,medium,low,6,namecheap,,,03/09/2026 22:40
6b95eeeb-cdd8-4f9d-a96f-942a02b57bcc,dorothy.city,available,7.25,28.49,medium,low,7,namesilo,,,25/09/2026 14:18
65d19384-8fcb-430e-8970-ab257d31c043,twister.city,available,7.25,28.49,medium,low,7,namesilo,,,02/10/2026 04:32
d3a2f96d-4cfd-4e50-a638-0afe715668fa,albuterol.city,available,7.25,28.49,high,low,9,namesilo,,,18/09/2026 03:32
636869f0-ba73-4425-bf50-9df6f8dfbd1b,compensate.city,available,7.25,28.49,high,low,10,namesilo,,,27/09/2026 15:05
ec80af22-81a7-4483-a194-ff92c62af1b1,exceptionally.city,available,5.38,22.97,medium,low,13,spaceship,,,29/09/2026 03:12
076077dc-5936-4d41-93b6-90b18dcf1541,coagulate.city,available,5.98,37.98,medium,low,9,namecheap,,,12/08/2026 13:27
522320f2-abc2-4b96-bc1a-2fa057c56b86,southport.city,premium,78.54,78.54,high,low,9,namesilo,,,29/09/2026 04:35
3d797a49-31f7-4c35-8239-efbc2bc799c8,filler.city,available,5.98,37.98,medium,low,6,namecheap,,,30/09/2026 17:19
3de3a2f1-8049-4ac4-a92d-6a90e76c0ffe,terraced.city,available,7.25,28.49,medium,low,8,namesilo,,,29/09/2026 10:42
7b2e6835-f23d-418f-b6a1-199614118840,sadie.city,available,7.25,28.49,medium,low,5,namesilo,,,28/09/2026 16:29
7b276d3a-906f-48ac-a421-591742ff9fdd,barefooted.city,available,5.98,37.98,medium,low,10,namecheap,,,08/08/2026 18:59
88eacfbf-cd6e-4705-a8b4-205599d0915d,biogeny.city,available,5.98,37.98,medium,low,7,namecheap,,,23/09/2026 18:05
87580924-ba33-4025-8628-f155bd035a9e,boding.city,available,5.98,37.98,medium,low,6,namecheap,,,18/08/2026 11:34
c77e262d-3851-4d0b-a540-a90864da6c0f,contracting.city,available,5.38,22.97,high,low,11,spaceship,,,02/10/2026 01:29
95f620b3-fd0d-487a-be43-635d2ed8f96b,poignant.city,available,5.98,37.98,high,low,8,namecheap,,,
2b2625da-183b-4122-af74-b690f838bf85,glands.city,available,7.25,28.49,low,low,6,namesilo,,,29/09/2026 16:29
0899ae63-006a-4d52-b6ac-8d864e3ed94e,wii.city,premium,33.5,,high,low,3,unstoppable,,,28/09/2026 16:10
935952af-3386-4a5f-8047-4ec2d232b8d1,tris.city,available,5.38,22.97,high,low,4,spaceship,,,30/09/2026 12:39
1d93a2a0-897e-4010-a3c5-e42ad53a4b0a,beefy.city,available,5.98,37.98,medium,low,5,namecheap,,,09/08/2026 07:49
ea384f50-cab8-4bdf-a0f8-d8b52b386e62,romanticism.city,available,5.38,22.97,high,low,11,spaceship,,,02/10/2026 21:58
1690802a-db08-4a69-b8a4-8041028cfa68,syntactic.city,available,5.98,37.98,medium,low,9,namecheap,,,11/09/2026 06:39
8c2aa73c-e379-48da-93d3-9f2af7f5757a,wanderer.city,available,5.98,37.98,high,low,8,namecheap,,,23/09/2026 20:11
43917751-8cb1-43af-b414-1006403af69a,ammunition.city,available,5.98,37.98,high,low,10,namecheap,,,18/09/2026 22:05